round,index,qtime_ms,wall_ms,numFound,error
1,0,1740,1762,77695,
1,1,1790,1809,57646,
1,2,1748,1772,51891,
1,3,1832,1853,28591,
1,4,1184,1251,86262,
1,5,812,847,77497,
1,6,1151,1206,28651,
1,7,1229,1249,86565,
1,8,858,909,28849,
1,9,596,618,21173,
1,10,765,790,51910,
1,11,700,720,52160,
1,12,699,718,77660,
1,13,708,729,77967,
1,14,722,745,77491,
1,15,721,744,25721,
1,16,689,816,26034,
1,17,697,720,25998,
1,18,701,723,77729,
1,19,640,697,41988,
1,20,745,768,51584,
1,21,685,714,78018,
1,22,729,822,51847,
1,23,850,871,86449,
1,24,626,701,77614,
1,25,813,836,28800,
1,26,517,537,21009,
1,27,685,714,77570,
1,28,550,572,20896,
1,29,549,585,20914,
1,30,569,596,21196,
1,31,588,657,63053,
1,32,536,559,63418,
1,33,570,614,21040,
1,34,694,766,26106,
1,35,525,548,41847,
1,36,516,536,63179,
1,37,691,719,51669,
1,38,550,570,63326,
1,39,554,577,42156,
1,40,788,811,57768,
1,41,874,892,86451,
1,42,813,833,57651,
1,43,855,876,86404,
1,44,564,584,20971,
1,45,729,848,51401,
1,46,805,847,57470,
1,47,712,764,52148,
1,48,875,926,86597,
1,49,786,823,86552,
1,50,744,820,52044,
1,51,743,820,77519,
1,52,682,703,77678,
1,53,713,740,78061,
1,54,743,771,51979,
1,55,715,741,51651,
1,56,719,740,25877,
1,57,553,577,21170,
1,58,731,750,78093,
1,59,598,621,63023,
1,60,794,814,86168,
1,61,685,731,77496,
1,62,686,709,25821,
1,63,670,689,25859,
1,64,701,721,77708,
1,65,565,608,20977,
1,66,684,705,52132,
1,67,740,782,77544,
1,68,818,838,57761,
1,69,680,701,51660,
1,70,693,765,25827,
1,71,547,608,63383,
1,72,641,694,52055,
1,73,813,936,57394,
1,74,642,725,51842,
1,75,664,725,51664,
1,76,786,914,28852,
1,77,579,600,21325,
1,78,738,761,25775,
1,79,615,635,51959,
1,80,543,564,63188,
1,81,565,585,21276,
1,82,862,884,85619,
1,83,571,620,21077,
1,84,529,548,63119,
1,85,827,865,86687,
1,86,555,668,63301,
1,87,561,580,21008,
1,88,611,630,52216,
1,89,740,819,25700,
1,90,565,585,63088,
1,91,721,768,25838,
1,92,575,614,63361,
1,93,812,833,58075,
1,94,864,885,57690,
1,95,691,712,25955,
1,96,658,678,63672,
1,97,455,475,42083,
1,98,497,516,20986,
1,99,561,581,25737,
2,0,636,701,42376,
2,1,717,735,77937,
2,2,602,698,21119,
2,3,827,850,57544,
2,4,837,856,28605,
2,5,733,750,77993,
2,6,591,611,42107,
2,7,590,608,63479,
2,8,774,792,77618,
2,9,918,989,86694,
2,10,887,981,28836,
2,11,622,658,21094,
2,12,703,811,51604,
2,13,788,806,78132,
2,14,789,816,25912,
2,15,613,636,63177,
2,16,798,827,57669,
2,17,582,631,42360,
2,18,875,1001,57794,
2,19,721,822,51839,
2,20,596,616,26209,
2,21,798,824,28628,
2,22,601,623,63455,
2,23,596,623,42033,
2,24,558,630,63434,
2,25,713,731,77696,
2,26,548,606,63315,
2,27,599,617,42032,
2,28,544,611,62987,
2,29,853,871,28578,
2,30,549,570,21095,
2,31,757,791,51793,
2,32,562,614,63406,
2,33,823,842,86472,
2,34,731,751,51618,
2,35,714,737,25674,
2,36,597,615,62837,
2,37,552,570,63234,
2,38,858,875,28802,
2,39,693,798,51955,
2,40,747,784,25810,
2,41,761,873,57967,
2,42,569,590,62806,
2,43,494,516,63471,
2,44,708,728,25760,
2,45,554,613,21305,
2,46,780,799,28876,
2,47,528,550,41931,
2,48,551,576,63121,
2,49,829,870,86493,
2,50,805,841,86443,
2,51,835,937,28996,
2,52,590,614,62834,
2,53,774,793,87085,
2,54,787,811,57702,
2,55,577,664,41920,
2,56,552,576,63125,
2,57,839,858,57731,
2,58,551,570,21276,
2,59,851,872,29145,
2,60,580,600,20962,
2,61,767,790,86704,
2,62,544,643,41975,
2,63,514,551,63548,
2,64,775,800,58048,
2,65,809,845,86358,
2,66,716,844,25704,
2,67,789,834,28910,
2,68,763,862,86646,
2,69,807,917,57457,
2,70,558,610,41861,
2,71,606,631,25783,
2,72,732,815,57929,
2,73,580,617,63291,
2,74,700,733,51788,
2,75,621,644,51729,
2,76,786,820,86533,
2,77,655,672,52019,
2,78,809,830,57820,
2,79,709,729,77415,
2,80,531,572,42059,
2,81,543,562,63401,
2,82,797,815,86299,
2,83,549,572,21067,
2,84,791,816,86536,
2,85,781,799,86782,
2,86,757,821,86135,
2,87,792,876,86393,
2,88,639,691,26006,
2,89,640,658,51750,
2,90,662,680,77722,
2,91,813,838,28872,
2,92,545,633,63447,
2,93,754,782,86691,
2,94,714,753,77591,
2,95,817,839,86641,
2,96,582,629,63315,
2,97,758,785,86050,
2,98,457,478,20998,
2,99,560,603,57514,
3,0,916,934,86133,
3,1,918,936,57731,
3,2,906,927,57607,
3,3,903,921,28882,
3,4,729,749,25866,
3,5,709,728,77678,
3,6,729,755,25972,
3,7,595,625,63306,
3,8,547,609,63292,
3,9,859,878,86479,
3,10,663,761,77512,
3,11,730,748,77599,
3,12,478,568,62974,
3,13,690,716,26099,
3,14,800,817,86296,
3,15,822,841,57644,
3,16,694,719,26020,
3,17,839,877,86687,
3,18,602,619,21097,
3,19,553,571,41952,
3,20,821,838,58059,
3,21,549,568,21361,
3,22,683,705,51774,
3,23,556,574,63216,
3,24,683,701,51760,
3,25,699,745,25786,
3,26,567,588,42230,
3,27,810,828,86713,
3,28,560,581,41920,
3,29,555,572,42051,
3,30,850,867,86740,
3,31,602,623,42404,
3,32,819,840,86386,
3,33,578,596,42229,
3,34,763,791,25976,
3,35,645,664,41917,
3,36,797,889,52244,
3,37,715,825,41969,
3,38,646,681,51654,
3,39,529,601,63289,
3,40,666,685,25750,
3,41,556,598,42032,
3,42,538,560,41724,
3,43,794,822,86167,
3,44,816,834,86615,
3,45,826,847,85980,
3,46,860,878,57500,
3,47,569,590,63065,
3,48,812,830,86368,
3,49,714,733,26001,
3,50,828,942,57731,
3,51,594,612,42259,
3,52,836,918,57339,
3,53,482,501,42437,
3,54,576,597,42227,
3,55,560,617,21381,
3,56,653,671,77579,
3,57,495,515,42270,
3,58,714,733,52062,
3,59,807,826,86328,
3,60,694,714,77690,
3,61,822,868,28916,
3,62,847,908,57882,
3,63,739,813,51850,
3,64,772,794,29026,
3,65,536,554,21100,
3,66,858,876,28861,
3,67,707,725,51975,
3,68,743,761,51692,
3,69,606,623,20876,
3,70,573,592,42285,
3,71,841,858,51500,
3,72,901,919,57603,
3,73,827,845,25971,
3,74,654,754,63192,
3,75,542,561,63082,
3,76,837,936,57953,
3,77,579,624,42172,
3,78,780,802,25819,
3,79,736,754,77303,
3,80,697,715,77498,
3,81,606,626,20977,
3,82,708,727,26048,
3,83,605,623,20983,
3,84,856,910,57598,
3,85,729,747,51873,
3,86,562,580,63364,
3,87,713,730,77252,
3,88,580,598,21161,
3,89,579,597,21172,
3,90,717,810,25707,
3,91,564,610,63633,
3,92,687,705,25771,
3,93,522,540,62878,
3,94,854,872,28761,
3,95,703,721,52086,
3,96,825,846,86506,
3,97,583,601,21062,
3,98,639,657,28937,
3,99,394,411,21170,
4,0,880,897,57575,
4,1,565,583,20958,
4,2,899,916,86743,
4,3,725,813,51720,
4,4,800,821,57328,
4,5,576,593,20913,
4,6,780,797,51617,
4,7,766,788,51945,
4,8,876,893,28690,
4,9,727,748,52060,
4,10,568,588,41668,
4,11,820,930,86757,
4,12,546,563,63089,
4,13,674,692,26183,
4,14,761,780,57746,
4,15,560,591,21226,
4,16,543,560,63026,
4,17,554,576,21001,
4,18,681,753,25840,
4,19,804,822,86219,
4,20,674,692,78013,
4,21,703,802,25784,
4,22,712,765,77549,
4,23,586,625,63210,
4,24,634,652,52220,
4,25,561,650,21207,
4,26,782,804,51394,
4,27,909,928,28643,
4,28,654,672,77471,
4,29,673,693,77912,
4,30,802,822,57725,
4,31,546,628,41935,
4,32,509,526,63411,
4,33,816,845,58009,
4,34,838,923,28932,
4,35,564,582,42041,
4,36,787,804,57240,
4,37,554,571,62550,
4,38,678,727,77736,
4,39,868,885,86860,
4,40,858,878,28620,
4,41,503,552,63227,
4,42,797,918,57438,
4,43,545,613,62892,
4,44,769,854,57641,
4,45,805,823,28759,
4,46,823,842,85961,
4,47,761,808,85911,
4,48,554,571,21112,
4,49,537,555,42137,
4,50,542,559,21189,
4,51,552,570,21123,
4,52,792,809,86011,
4,53,749,766,51701,
4,54,808,883,29015,
4,55,552,570,63118,
4,56,767,785,28749,
4,57,548,575,42053,
4,58,540,556,42103,
4,59,538,615,20884,
4,60,684,811,77941,
4,61,628,646,25930,
4,62,621,639,25625,
4,63,797,922,86422,
4,64,595,615,42121,
4,65,598,615,63238,
4,66,738,817,28867,
4,67,580,598,41671,
4,68,710,727,51798,
4,69,803,820,57948,
4,70,603,620,21055,
4,71,545,564,42234,
4,72,811,828,28915,
4,73,731,753,26213,
4,74,854,872,28784,
4,75,672,690,26085,
4,76,829,846,57676,
4,77,821,839,57837,
4,78,587,653,63283,
4,79,680,705,51969,
4,80,682,718,51970,
4,81,591,669,42062,
4,82,796,813,57824,
4,83,806,824,86197,
4,84,842,860,57522,
4,85,546,567,63276,
4,86,827,844,57412,
4,87,880,899,86323,
4,88,880,969,86783,
4,89,717,735,77507,
4,90,571,589,21017,
4,91,855,935,57458,
4,92,712,730,51829,
4,93,775,794,86793,
4,94,708,727,51914,
4,95,823,842,86773,
4,96,553,570,41959,
4,97,768,851,57590,
4,98,556,577,42096,
4,99,543,639,57789,
5,0,720,738,25992,
5,1,902,991,86378,
5,2,588,605,42267,
5,3,894,990,86337,
5,4,614,631,52046,
5,5,505,525,63653,
5,6,678,697,51839,
5,7,810,828,57367,
5,8,830,878,57405,
5,9,801,852,86969,
5,10,777,836,86324,
5,11,651,704,25909,
5,12,777,817,85927,
5,13,538,614,63424,
5,14,546,570,42087,
5,15,674,712,77359,
5,16,556,575,63187,
5,17,816,834,86810,
5,18,567,585,42089,
5,19,702,723,77390,
5,20,590,608,21310,
5,21,712,789,77410,
5,22,818,838,57718,
5,23,571,591,42213,
5,24,859,920,28847,
5,25,809,828,57586,
5,26,570,621,20961,
5,27,821,839,57642,
5,28,557,574,21301,
5,29,547,582,63024,
5,30,715,734,77380,
5,31,576,594,21160,
5,32,657,675,51574,
5,33,719,738,25970,
5,34,578,602,21426,
5,35,737,780,77790,
5,36,718,736,51711,
5,37,691,786,25997,
5,38,552,600,63270,
5,39,537,614,62919,
5,40,661,682,51216,
5,41,819,898,28711,
5,42,660,684,51561,
5,43,817,835,86910,
5,44,775,794,86742,
5,45,816,833,29077,
5,46,811,828,28805,
5,47,698,716,51748,
5,48,833,936,57511,
5,49,831,850,28857,
5,50,487,523,42000,
5,51,591,609,62946,
5,52,821,921,28679,
5,53,676,716,26110,
5,54,590,608,41821,
5,55,588,605,42076,
5,56,598,617,42203,
5,57,722,743,77832,
5,58,856,918,57998,
5,59,576,594,63412,
5,60,718,736,25943,
5,61,784,805,25947,
5,62,905,997,28700,
5,63,881,906,57956,
5,64,785,803,57570,
5,65,566,627,63215,
5,66,699,818,77646,
5,67,675,732,52076,
5,68,670,687,51852,
5,69,488,505,63496,
5,70,685,704,77912,
5,71,746,773,26182,
5,72,727,745,77332,
5,73,821,845,28534,
5,74,569,587,41975,
5,75,578,597,63456,
5,76,826,844,57849,
5,77,883,902,86118,
5,78,704,732,25790,
5,79,577,602,63237,
5,80,552,576,63192,
5,81,729,798,77544,
5,82,817,835,57748,
5,83,682,701,51517,
5,84,805,922,57510,
5,85,568,588,63307,
5,86,744,765,86687,
5,87,701,726,77225,
5,88,844,862,58109,
5,89,829,848,86404,
5,90,569,587,21244,
5,91,849,869,58033,
5,92,594,628,42090,
5,93,723,740,77346,
5,94,555,573,62885,
5,95,696,817,25886,
5,96,795,812,86457,
5,97,602,689,62968,
5,98,747,765,57131,
5,99,613,718,28664,
6,0,876,894,20926,
6,1,901,918,77858,
6,2,922,939,86663,
6,3,888,915,51632,
6,4,572,589,63314,
6,5,854,872,57292,
6,6,736,754,25911,
6,7,702,721,77573,
6,8,549,566,63145,
6,9,548,566,21138,
6,10,530,556,20878,
6,11,809,827,28838,
6,12,806,823,57535,
6,13,586,624,63533,
6,14,550,623,63232,
6,15,490,547,42437,
6,16,551,569,63527,
6,17,496,515,42205,
6,18,806,824,28702,
6,19,799,816,86776,
6,20,814,831,86599,
6,21,676,694,78082,
6,22,680,698,78046,
6,23,811,828,57731,
6,24,541,582,21063,
6,25,577,606,20849,
6,26,518,606,62894,
6,27,847,865,28680,
6,28,729,746,77754,
6,29,654,708,25944,
6,30,716,815,25909,
6,31,681,715,77512,
6,32,777,879,28741,
6,33,576,665,62964,
6,34,769,789,86476,
6,35,797,822,28947,
6,36,793,819,57763,
6,37,586,618,63150,
6,38,791,848,57967,
6,39,531,549,63051,
6,40,833,920,86241,
6,41,844,920,28845,
6,42,744,822,86556,
6,43,607,678,26055,
6,44,790,808,28986,
6,45,604,622,51958,
6,46,555,575,42265,
6,47,800,821,86928,
6,48,537,557,63125,
6,49,541,622,21239,
6,50,546,569,21324,
6,51,695,815,25879,
6,52,762,779,57137,
6,53,491,514,42193,
6,54,686,713,51678,
6,55,545,563,21183,
6,56,508,526,42258,
6,57,831,906,29133,
6,58,767,785,28657,
6,59,723,741,51779,
6,60,710,731,25724,
6,61,825,843,28622,
6,62,592,609,21098,
6,63,579,597,63494,
6,64,578,595,63314,
6,65,663,686,51870,
6,66,806,825,86540,
6,67,565,590,63378,
6,68,592,610,42027,
6,69,527,545,42311,
6,70,707,822,25905,
6,71,766,785,57802,
6,72,666,686,51740,
6,73,773,793,87081,
6,74,693,736,51552,
6,75,654,671,51639,
6,76,583,604,63331,
6,77,749,766,86344,
6,78,556,573,63075,
6,79,679,762,77703,
6,80,799,816,86421,
6,81,684,714,77761,
6,82,659,678,25826,
6,83,552,569,42214,
6,84,634,652,51431,
6,85,793,817,28977,
6,86,810,827,86488,
6,87,815,833,57229,
6,88,659,676,51924,
6,89,683,700,77521,
6,90,536,554,21051,
6,91,547,571,21067,
6,92,590,612,21106,
6,93,843,860,28596,
6,94,896,913,28619,
6,95,603,686,63091,
6,96,619,638,41987,
6,97,646,665,78118,
6,98,719,736,57524,
6,99,533,576,57455,
7,0,856,873,57579,
7,1,728,754,26258,
7,2,742,758,77869,
7,3,589,614,63386,
7,4,831,848,58071,
7,5,721,741,77346,
7,6,556,573,41894,
7,7,564,581,42084,
7,8,691,731,25717,
7,9,812,829,86402,
7,10,567,601,63148,
7,11,817,838,28919,
7,12,807,829,29094,
7,13,656,719,77971,
7,14,704,721,25715,
7,15,771,789,86267,
7,16,547,565,42217,
7,17,676,693,77333,
7,18,817,900,86596,
7,19,706,784,51940,
7,20,538,560,21043,
7,21,613,630,25832,
7,22,661,679,78233,
7,23,573,593,42258,
7,24,817,837,28955,
7,25,778,796,86458,
7,26,817,837,28666,
7,27,796,814,86177,
7,28,703,720,51611,
7,29,677,696,51897,
7,30,542,562,42130,
7,31,666,759,77747,
7,32,817,896,57657,
7,33,646,664,25949,
7,34,752,772,28781,
7,35,541,561,62974,
7,36,826,845,85997,
7,37,543,560,63221,
7,38,555,577,20847,
7,39,896,913,86156,
7,40,638,659,21232,
7,41,873,890,86297,
7,42,558,575,42383,
7,43,684,702,26084,
7,44,663,682,77862,
7,45,794,834,57816,
7,46,791,808,86569,
7,47,646,663,77623,
7,48,834,913,57703,
7,49,639,665,25802,
7,50,562,630,63624,
7,51,789,840,86366,
7,52,694,713,51981,
7,53,558,575,63078,
7,54,651,670,52135,
7,55,675,697,26099,
7,56,812,865,86545,
7,57,800,827,86389,
7,58,784,866,57530,
7,59,769,787,28778,
7,60,814,833,86444,
7,61,795,819,28818,
7,62,551,569,42065,
7,63,566,610,63371,
7,64,616,633,63141,
7,65,611,627,63355,
7,66,541,563,63387,
7,67,559,577,41757,
7,68,831,851,28927,
7,69,741,797,25785,
7,70,746,793,25946,
7,71,545,562,21155,
7,72,736,753,51498,
7,73,875,896,28951,
7,74,885,906,86317,
7,75,888,906,86092,
7,76,672,690,52156,
7,77,810,827,29034,
7,78,891,909,28804,
7,79,883,901,57616,
7,80,679,703,77849,
7,81,555,572,63033,
7,82,551,568,20987,
7,83,794,815,57416,
7,84,648,667,25844,
7,85,820,876,29062,
7,86,813,833,87060,
7,87,865,888,57458,
7,88,726,744,51867,
7,89,728,746,51972,
7,90,708,726,51759,
7,91,704,722,77624,
7,92,596,639,63430,
7,93,836,883,86241,
7,94,579,596,63093,
7,95,570,588,20998,
7,96,563,582,20910,
7,97,640,668,26160,
7,98,363,415,21018,
7,99,630,648,28713,
8,0,759,775,77687,
8,1,750,767,77710,
8,2,756,772,51319,
8,3,750,768,51972,
8,4,742,852,77453,
8,5,570,587,63407,
8,6,840,856,86708,
8,7,814,844,57499,
8,8,783,801,28603,
8,9,566,585,21001,
8,10,830,924,57785,
8,11,804,915,28851,
8,12,710,727,28734,
8,13,578,595,51702,
8,14,864,921,57860,
8,15,866,921,86639,
8,16,564,662,21250,
8,17,624,641,77764,
8,18,597,719,63139,
8,19,595,716,20939,
8,20,753,770,57774,
8,21,567,657,63114,
8,22,699,717,25712,
8,23,565,582,63271,
8,24,823,841,28915,
8,25,836,854,86517,
8,26,794,812,85958,
8,27,672,691,51746,
8,28,784,800,86270,
8,29,683,731,51805,
8,30,664,683,77863,
8,31,797,817,86429,
8,32,833,852,86558,
8,33,664,681,25671,
8,34,930,949,28905,
8,35,723,743,26130,
8,36,720,740,78001,
8,37,560,578,42035,
8,38,878,918,86462,
8,39,571,590,42506,
8,40,805,825,57263,
8,41,761,817,25941,
8,42,809,886,86509,
8,43,795,821,57692,
8,44,572,613,62965,
8,45,579,615,63425,
8,46,557,576,42098,
8,47,806,826,86758,
8,48,829,851,57822,
8,49,584,602,21032,
8,50,527,550,63292,
8,51,835,853,28880,
8,52,731,752,51872,
8,53,680,699,25996,
8,54,542,560,42088,
8,55,657,674,51734,
8,56,842,864,86341,
8,57,734,754,26076,
8,58,792,814,28772,
8,59,671,698,77612,
8,60,567,586,21081,
8,61,679,696,52163,
8,62,547,569,21063,
8,63,785,865,86643,
8,64,679,788,77897,
8,65,594,717,21048,
8,66,624,649,52121,
8,67,846,865,29119,
8,68,851,868,57857,
8,69,723,740,51723,
8,70,721,738,25897,
8,71,831,848,57509,
8,72,694,713,51918,
8,73,577,594,21055,
8,74,710,729,25848,
8,75,700,717,77885,
8,76,865,894,57521,
8,77,735,766,51971,
8,78,732,756,26009,
8,79,664,681,51641,
8,80,564,583,42272,
8,81,805,904,57548,
8,82,556,573,63345,
8,83,832,851,28997,
8,84,735,753,77478,
8,85,599,648,77112,
8,86,766,832,86496,
8,87,743,815,28966,
8,88,834,853,57401,
8,89,710,727,77177,
8,90,615,633,51617,
8,91,655,716,51727,
8,92,891,908,28927,
8,93,567,585,21303,
8,94,795,813,28896,
8,95,671,689,63131,
8,96,712,729,51625,
8,97,797,814,28994,
8,98,588,605,42013,
8,99,350,373,21137,
9,0,567,598,42012,
9,1,595,612,63433,
9,2,593,610,41813,
9,3,813,835,57675,
9,4,836,856,57865,
9,5,720,737,77658,
9,6,535,554,21088,
9,7,527,551,21102,
9,8,564,601,21458,
9,9,708,725,51553,
9,10,542,565,42001,
9,11,687,704,51801,
9,12,709,726,52079,
9,13,526,543,21032,
9,14,894,913,58052,
9,15,655,770,51757,
9,16,711,752,57778,
9,17,791,809,28612,
9,18,666,716,78106,
9,19,673,706,51810,
9,20,664,706,51450,
9,21,842,859,57527,
9,22,573,594,20785,
9,23,811,876,57841,
9,24,957,994,58133,
9,25,930,947,86948,
9,26,755,772,77754,
9,27,602,619,41896,
9,28,859,879,28707,
9,29,588,606,20964,
9,30,560,582,62855,
9,31,828,916,57559,
9,32,715,733,86981,
9,33,544,565,63416,
9,34,662,791,26054,
9,35,812,829,86614,
9,36,606,663,51613,
9,37,795,877,86772,
9,38,794,811,86628,
9,39,682,701,25657,
9,40,607,624,52076,
9,41,730,750,77714,
9,42,895,927,25772,
9,43,977,1003,28668,
9,44,880,947,25924,
9,45,622,651,41839,
9,46,646,664,51803,
9,47,807,824,57591,
9,48,725,807,77407,
9,49,783,802,57571,
9,50,808,829,57404,
9,51,823,842,28941,
9,52,883,901,86902,
9,53,730,749,77331,
9,54,585,656,21161,
9,55,908,930,29092,
9,56,825,846,86595,
9,57,931,949,57560,
9,58,691,728,25730,
9,59,543,567,62981,
9,60,828,929,86211,
9,61,727,809,25981,
9,62,562,582,21041,
9,63,745,763,28911,
9,64,521,548,41806,
9,65,805,823,57266,
9,66,806,823,57836,
9,67,680,699,77732,
9,68,807,826,86615,
9,69,659,677,26020,
9,70,532,615,21179,
9,71,731,824,57355,
9,72,817,863,28628,
9,73,754,771,86415,
9,74,723,740,77329,
9,75,667,711,25811,
9,76,688,722,51827,
9,77,803,820,57953,
9,78,718,736,77799,
9,79,528,554,63266,
9,80,676,714,21028,
9,81,728,812,77455,
9,82,757,778,25740,
9,83,882,900,86527,
9,84,674,692,25839,
9,85,673,691,51996,
9,86,792,897,86496,
9,87,800,822,57826,
9,88,715,733,29068,
9,89,669,723,25948,
9,90,871,906,28637,
9,91,650,668,25966,
9,92,871,900,57317,
9,93,751,834,51465,
9,94,666,683,77727,
9,95,647,669,63460,
9,96,730,845,77955,
9,97,543,616,42042,
9,98,562,671,77506,
9,99,499,579,25683,
10,0,573,630,21199,
10,1,765,783,25803,
10,2,716,733,42389,
10,3,896,921,28625,
10,4,844,863,28726,
10,5,847,864,28957,
10,6,584,601,63424,
10,7,693,711,25824,
10,8,542,559,62950,
10,9,532,548,20911,
10,10,681,782,25825,
10,11,802,819,28834,
10,12,610,629,25835,
10,13,550,568,63007,
10,14,548,602,63211,
10,15,824,940,86542,
10,16,530,581,42099,
10,17,779,796,28752,
10,18,805,822,86502,
10,19,838,954,57723,
10,20,676,717,52085,
10,21,591,703,63064,
10,22,795,812,28734,
10,23,988,1005,86087,
10,24,581,599,41972,
10,25,986,1011,57637,
10,26,566,585,62943,
10,27,727,835,51717,
10,28,565,589,21203,
10,29,499,517,42123,
10,30,824,851,57684,
10,31,877,894,28703,
10,32,763,783,51782,
10,33,834,851,28668,
10,34,561,578,42463,
10,35,549,566,41959,
10,36,551,568,63320,
10,37,698,724,77638,
10,38,689,706,25883,
10,39,688,705,77445,
10,40,595,612,20887,
10,41,722,746,26004,
10,42,846,863,86407,
10,43,727,790,25801,
10,44,706,723,77868,
10,45,541,559,21018,
10,46,797,822,57576,
10,47,719,816,26017,
10,48,598,615,63094,
10,49,802,844,86655,
10,50,658,675,51403,
10,51,516,533,63005,
10,52,684,716,52010,
10,53,725,745,25585,
10,54,692,721,26151,
10,55,801,818,86273,
10,56,699,719,77622,
10,57,690,706,26014,
10,58,559,578,21157,
10,59,584,655,42080,
10,60,512,530,20799,
10,61,738,757,51795,
10,62,734,752,77523,
10,63,589,607,63127,
10,64,584,604,63542,
10,65,846,865,28726,
10,66,729,747,25786,
10,67,750,770,77237,
10,68,746,762,26009,
10,69,558,575,20885,
10,70,691,735,51583,
10,71,731,747,77498,
10,72,863,880,86595,
10,73,511,533,20843,
10,74,807,917,57681,
10,75,823,843,57932,
10,76,665,702,52075,
10,77,811,853,86394,
10,78,735,755,77499,
10,79,676,719,25871,
10,80,735,752,77469,
10,81,651,719,25803,
10,82,868,885,86345,
10,83,523,540,63401,
10,84,741,760,51422,
10,85,835,921,86658,
10,86,608,639,21313,
10,87,602,619,42270,
10,88,697,717,51804,
10,89,900,922,57757,
10,90,870,888,28844,
10,91,542,631,63357,
10,92,723,740,57908,
10,93,712,729,26140,
10,94,541,564,21074,
10,95,601,618,63311,
10,96,682,704,77799,
10,97,576,593,77284,
10,98,613,631,25743,
10,99,515,536,21384,
11,0,892,914,57314,
11,1,748,770,51775,
11,2,903,925,28558,
11,3,745,766,77504,
11,4,876,893,28712,
11,5,876,892,28893,
11,6,739,758,51683,
11,7,737,757,51805,
11,8,594,611,20978,
11,9,724,741,25829,
11,10,713,732,78091,
11,11,590,611,42360,
11,12,559,639,21076,
11,13,563,617,63218,
11,14,518,535,20890,
11,15,537,560,20978,
11,16,571,714,62939,
11,17,710,726,26090,
11,18,835,893,29155,
11,19,628,662,52263,
11,20,833,851,28655,
11,21,567,587,41874,
11,22,669,686,51748,
11,23,687,705,77660,
11,24,692,713,77688,
11,25,816,832,86542,
11,26,572,590,21384,
11,27,565,584,62623,
11,28,694,710,25809,
11,29,571,587,63045,
11,30,594,613,42384,
11,31,579,602,63597,
11,32,835,852,86554,
11,33,583,601,21039,
11,34,722,739,77584,
11,35,608,629,63134,
11,36,836,932,57691,
11,37,879,901,57591,
11,38,770,789,25676,
11,39,785,804,57354,
11,40,695,716,25706,
11,41,584,608,21246,
11,42,855,899,86293,
11,43,846,894,86711,
11,44,843,861,57345,
11,45,712,737,25900,
11,46,585,603,42077,
11,47,718,759,25734,
11,48,721,742,77659,
11,49,723,741,51810,
11,50,555,572,42040,
11,51,673,692,51900,
11,52,828,864,28752,
11,53,848,865,86535,
11,54,587,604,42453,
11,55,796,816,57772,
11,56,707,724,51700,
11,57,588,608,62646,
11,58,562,579,42042,
11,59,547,564,21140,
11,60,966,1011,57826,
11,61,715,732,51490,
11,62,944,977,28782,
11,63,788,806,78293,
11,64,683,706,51747,
11,65,845,864,57397,
11,66,811,831,57629,
11,67,619,635,21055,
11,68,819,836,86562,
11,69,546,583,42270,
11,70,687,807,51576,
11,71,824,841,28909,
11,72,676,717,51467,
11,73,739,757,57693,
11,74,784,805,57443,
11,75,655,735,51992,
11,76,818,835,28677,
11,77,600,619,51773,
11,78,542,559,21090,
11,79,537,570,21052,
11,80,666,682,77763,
11,81,810,833,86018,
11,82,585,601,41611,
11,83,551,582,41920,
11,84,808,829,86450,
11,85,688,706,51903,
11,86,872,903,57989,
11,87,868,897,28931,
11,88,541,558,63459,
11,89,804,906,86054,
11,90,742,760,25829,
11,91,851,870,57501,
11,92,611,628,51430,
11,93,698,716,52058,
11,94,554,573,42198,
11,95,562,580,21040,
11,96,551,567,21030,
11,97,362,406,63311,
11,98,599,616,57544,
11,99,600,617,86014,
12,0,775,792,51905,
12,1,773,792,25842,
12,2,848,865,28862,
12,3,601,620,20883,
12,4,853,869,29120,
12,5,608,625,20873,
12,6,597,636,21070,
12,7,726,743,25778,
12,8,564,600,41644,
12,9,733,750,51761,
12,10,746,762,25842,
12,11,676,695,51796,
12,12,663,687,20916,
12,13,740,761,25878,
12,14,770,789,77399,
12,15,760,777,25714,
12,16,710,746,78103,
12,17,553,572,63389,
12,18,725,744,25955,
12,19,858,876,85941,
12,20,726,829,26139,
12,21,796,812,28887,
12,22,849,866,86763,
12,23,727,749,77629,
12,24,727,760,51549,
12,25,605,626,21043,
12,26,878,895,86540,
12,27,763,791,25998,
12,28,876,925,28986,
12,29,763,834,51667,
12,30,840,859,57857,
12,31,686,702,25649,
12,32,700,749,26035,
12,33,834,854,29006,
12,34,648,664,77805,
12,35,554,573,21150,
12,36,699,726,51436,
12,37,719,737,25741,
12,38,717,736,51712,
12,39,713,732,77685,
12,40,569,586,62977,
12,41,551,569,20975,
12,42,588,611,21211,
12,43,590,616,21319,
12,44,893,909,86656,
12,45,789,806,77590,
12,46,587,605,42146,
12,47,860,878,28630,
12,48,737,756,77663,
12,49,607,624,62887,
12,50,549,566,21091,
12,51,847,864,57425,
12,52,710,773,77099,
12,53,723,740,25864,
12,54,712,814,51791,
12,55,481,515,63683,
12,56,937,955,57868,
12,57,928,946,57459,
12,58,882,901,57843,
12,59,886,903,86652,
12,60,757,794,25641,
12,61,839,856,28945,
12,62,598,638,62824,
12,63,838,919,28905,
12,64,541,610,42079,
12,65,649,665,51467,
12,66,839,856,57420,
12,67,667,688,51900,
12,68,835,924,57474,
12,69,552,572,63134,
12,70,670,686,77944,
12,71,512,528,20940,
12,72,891,910,28925,
12,73,681,698,41994,
12,74,661,681,42392,
12,75,875,893,57690,
12,76,558,611,21180,
12,77,540,563,21053,
12,78,674,783,25695,
12,79,837,855,29027,
12,80,484,512,21029,
12,81,834,885,57486,
12,82,704,721,51486,
12,83,591,613,63114,
12,84,540,560,21080,
12,85,580,600,41999,
12,86,722,739,25816,
12,87,624,645,21027,
12,88,622,638,63272,
12,89,855,938,85850,
12,90,683,714,25845,
12,91,602,682,21060,
12,92,813,853,28833,
12,93,585,617,63365,
12,94,560,611,42084,
12,95,715,790,51651,
12,96,534,610,20947,
12,97,394,418,21004,
12,98,475,492,42321,
12,99,495,616,25935,
13,0,611,629,20865,
13,1,734,751,26105,
13,2,748,766,51508,
13,3,602,621,42078,
13,4,887,903,86333,
13,5,565,584,21248,
13,6,756,774,26107,
13,7,582,598,21230,
13,8,681,697,26226,
13,9,842,860,57793,
13,10,892,910,86458,
13,11,567,606,20967,
13,12,520,537,63241,
13,13,828,846,57869,
13,14,707,727,77828,
13,15,719,736,25835,
13,16,836,857,28627,
13,17,856,874,28678,
13,18,539,623,21109,
13,19,729,746,77628,
13,20,788,809,86308,
13,21,558,576,63147,
13,22,674,691,25804,
13,23,537,555,21095,
13,24,837,856,28767,
13,25,561,577,42111,
13,26,573,590,42163,
13,27,539,556,21143,
13,28,856,893,28616,
13,29,823,841,77395,
13,30,830,847,86384,
13,31,790,807,25897,
13,32,819,839,57961,
13,33,566,582,62714,
13,34,877,997,87001,
13,35,870,970,28611,
13,36,767,785,57711,
13,37,845,864,85911,
13,38,554,573,21023,
13,39,692,717,77443,
13,40,671,722,77523,
13,41,578,614,20910,
13,42,570,589,20904,
13,43,800,819,86308,
13,44,822,845,57734,
13,45,855,873,28515,
13,46,605,622,20936,
13,47,840,857,86691,
13,48,716,733,51991,
13,49,717,737,77569,
13,50,592,608,21048,
13,51,557,575,41995,
13,52,889,906,86003,
13,53,764,781,77636,
13,54,698,715,77794,
13,55,561,581,21197,
13,56,707,745,25742,
13,57,575,597,20865,
13,58,587,612,21226,
13,59,819,835,28902,
13,60,555,662,62924,
13,61,696,741,25801,
13,62,755,773,28555,
13,63,525,543,42048,
13,64,831,850,29097,
13,65,598,617,41921,
13,66,590,607,20871,
13,67,812,909,86734,
13,68,897,923,28587,
13,69,765,782,25675,
13,70,814,830,86752,
13,71,562,579,62842,
13,72,871,888,86951,
13,73,537,568,63361,
13,74,767,786,77536,
13,75,792,823,86861,
13,76,800,918,57689,
13,77,715,734,77938,
13,78,609,662,20975,
13,79,736,759,28745,
13,80,904,924,57461,
13,81,700,720,25942,
13,82,779,796,51651,
13,83,842,903,28753,
13,84,546,566,21075,
13,85,562,579,62935,
13,86,606,625,42361,
13,87,573,592,63022,
13,88,545,562,41957,
13,89,826,844,28721,
13,90,549,565,21077,
13,91,588,605,63637,
13,92,683,772,77482,
13,93,757,773,57712,
13,94,729,748,77738,
13,95,852,869,86187,
13,96,832,852,28864,
13,97,650,669,51802,
13,98,710,727,28898,
13,99,495,513,42181,
14,0,580,598,41950,
14,1,702,719,42340,
14,2,649,666,20985,
14,3,707,726,77968,
14,4,572,654,62960,
14,5,545,586,42014,
14,6,537,554,41969,
14,7,812,829,86690,
14,8,544,563,21029,
14,9,700,816,25944,
14,10,873,891,57477,
14,11,680,699,25655,
14,12,759,837,28975,
14,13,545,584,42427,
14,14,644,661,26166,
14,15,808,825,57446,
14,16,549,566,21198,
14,17,660,677,51614,
14,18,666,683,51572,
14,19,796,812,29068,
14,20,671,688,51900,
14,21,807,826,28929,
14,22,552,570,20865,
14,23,689,706,51429,
14,24,546,566,21093,
14,25,661,678,77206,
14,26,549,574,42110,
14,27,843,860,57644,
14,28,710,727,25762,
14,29,580,602,42415,
14,30,580,601,21338,
14,31,565,584,63169,
14,32,815,833,57768,
14,33,578,604,42213,
14,34,689,709,52313,
14,35,678,700,77682,
14,36,521,538,21152,
14,37,665,684,77947,
14,38,653,672,51707,
14,39,784,812,28630,
14,40,832,851,29012,
14,41,708,725,78058,
14,42,539,560,62936,
14,43,546,567,41892,
14,44,817,835,57297,
14,45,718,735,52021,
14,46,594,612,62786,
14,47,541,558,63448,
14,48,674,691,25928,
14,49,809,826,28738,
14,50,683,701,51597,
14,51,682,703,26153,
14,52,653,675,77407,
14,53,685,703,77756,
14,54,693,710,25676,
14,55,539,556,21228,
14,56,814,831,86139,
14,57,874,893,86380,
14,58,708,725,26138,
14,59,759,775,25962,
14,60,831,850,28734,
14,61,843,882,57663,
14,62,741,775,77739,
14,63,732,753,51464,
14,64,561,665,42233,
14,65,507,529,21153,
14,66,903,922,28481,
14,67,899,921,57417,
14,68,823,915,85955,
14,69,546,562,41672,
14,70,565,583,20976,
14,71,749,768,57870,
14,72,548,565,62955,
14,73,525,542,63173,
14,74,549,565,21011,
14,75,670,687,52185,
14,76,667,684,25776,
14,77,647,687,77811,
14,78,648,669,78095,
14,79,801,828,28770,
14,80,833,850,87015,
14,81,567,590,42370,
14,82,792,808,87095,
14,83,681,700,77702,
14,84,559,576,63910,
14,85,811,829,86102,
14,86,666,682,25902,
14,87,811,905,86675,
14,88,544,562,63594,
14,89,839,858,57885,
14,90,652,679,51878,
14,91,578,595,63430,
14,92,806,825,28899,
14,93,833,852,57180,
14,94,718,789,25966,
14,95,673,704,25951,
14,96,704,722,25764,
14,97,586,627,42376,
14,98,626,643,63289,
14,99,635,655,25792,
15,0,872,908,28655,
15,1,828,868,28833,
15,2,761,809,51969,
15,3,587,649,63168,
15,4,674,696,51704,
15,5,730,758,25988,
15,6,820,837,28962,
15,7,615,640,21140,
15,8,845,935,57420,
15,9,752,779,51759,
15,10,755,774,25834,
15,11,555,576,63441,
15,12,879,1042,57657,
15,13,753,803,77867,
15,14,619,658,42146,
15,15,881,982,87064,
15,16,822,839,57514,
15,17,517,627,42161,
15,18,624,644,25655,
15,19,833,862,57375,
15,20,539,561,42671,
15,21,859,879,57487,
15,22,531,566,42285,
15,23,778,856,25745,
15,24,916,934,86124,
15,25,657,675,20777,
15,26,872,953,57579,
15,27,567,617,42249,
15,28,676,698,51910,
15,29,637,654,51443,
15,30,697,719,77921,
15,31,571,618,20956,
15,32,682,713,51872,
15,33,828,845,57421,
15,34,688,707,25671,
15,35,734,755,25880,
15,36,597,617,63466,
15,37,831,864,86691,
15,38,836,854,86709,
15,39,848,873,57636,
15,40,607,630,42112,
15,41,562,603,21240,
15,42,809,832,86665,
15,43,730,798,51561,
15,44,591,633,63744,
15,45,814,843,57499,
15,46,864,885,86995,
15,47,713,730,26019,
15,48,746,781,51925,
15,49,867,919,57713,
15,50,725,758,51322,
15,51,620,645,63364,
15,52,556,584,41930,
15,53,578,613,62835,
15,54,860,900,86811,
15,55,765,877,25839,
15,56,571,600,63021,
15,57,662,716,77763,
15,58,858,892,57826,
15,59,541,567,21192,
15,60,612,634,21118,
15,61,538,556,41974,
15,62,572,660,62765,
15,63,544,592,42061,
15,64,793,915,57645,
15,65,806,826,28525,
15,66,849,872,57699,
15,67,499,524,42027,
15,68,894,918,86981,
15,69,754,771,51903,
15,70,716,732,51875,
15,71,572,711,42409,
15,72,809,837,57863,
15,73,844,864,57801,
15,74,605,633,63214,
15,75,570,589,63090,
15,76,848,886,28972,
15,77,737,772,26053,
15,78,716,761,51998,
15,79,612,634,62932,
15,80,708,742,51525,
15,81,746,763,25938,
15,82,622,648,62942,
15,83,844,916,57259,
15,84,716,799,25779,
15,85,831,849,57465,
15,86,806,829,86504,
15,87,588,607,42328,
15,88,712,739,25895,
15,89,759,776,77773,
15,90,621,640,63154,
15,91,886,950,86642,
15,92,726,770,26141,
15,93,944,969,28675,
15,94,865,882,57731,
15,95,633,655,20864,
15,96,555,640,63381,
15,97,755,777,85911,
15,98,591,621,20944,
15,99,551,585,51614,
16,0,732,748,26080,
16,1,736,752,77605,
16,2,611,628,21025,
16,3,608,627,63377,
16,4,869,887,57792,
16,5,573,603,42191,
16,6,599,617,42332,
16,7,560,579,21446,
16,8,878,963,86716,
16,9,849,869,28700,
16,10,569,586,63184,
16,11,714,730,52013,
16,12,538,554,63370,
16,13,876,896,57576,
16,14,878,896,86146,
16,15,755,774,51844,
16,16,709,739,25892,
16,17,733,749,77516,
16,18,856,873,86479,
16,19,557,624,20793,
16,20,760,779,86096,
16,21,818,834,86340,
16,22,729,778,25961,
16,23,583,600,42261,
16,24,589,606,63038,
16,25,867,886,28911,
16,26,906,931,28965,
16,27,567,585,42320,
16,28,713,732,51541,
16,29,543,629,21310,
16,30,881,917,28507,
16,31,880,897,86658,
16,32,835,852,28834,
16,33,701,717,51644,
16,34,746,762,25872,
16,35,564,600,41646,
16,36,745,764,77699,
16,37,552,569,42025,
16,38,554,571,63286,
16,39,552,573,41848,
16,40,714,753,77935,
16,41,898,922,86625,
16,42,762,828,51921,
16,43,745,764,52075,
16,44,796,823,77617,
16,45,714,733,51381,
16,46,724,741,26000,
16,47,572,588,42385,
16,48,558,614,20859,
16,49,819,907,86597,
16,50,805,822,86077,
16,51,677,696,25921,
16,52,834,853,86688,
16,53,696,716,25708,
16,54,838,857,86298,
16,55,547,591,21115,
16,56,820,890,86598,
16,57,780,798,28977,
16,58,550,614,63322,
16,59,637,655,52154,
16,60,827,844,57272,
16,61,846,864,86569,
16,62,853,870,86559,
16,63,827,845,57834,
16,64,682,699,25842,
16,65,847,873,28656,
16,66,717,734,77615,
16,67,829,849,86209,
16,68,684,706,25859,
16,69,858,924,86356,
16,70,757,871,25660,
16,71,677,693,25916,
16,72,537,558,42329,
16,73,865,884,86513,
16,74,783,800,77974,
16,75,781,800,26019,
16,76,877,893,86457,
16,77,737,754,77603,
16,78,928,945,57671,
16,79,869,885,86684,
16,80,589,609,20988,
16,81,859,902,28625,
16,82,749,809,51722,
16,83,606,701,62972,
16,84,609,689,63043,
16,85,921,939,57159,
16,86,756,816,51750,
16,87,928,945,28835,
16,88,864,883,57718,
16,89,889,908,28677,
16,90,892,909,28806,
16,91,613,629,42220,
16,92,615,632,42226,
16,93,602,619,42252,
16,94,603,636,63259,
16,95,573,590,20913,
16,96,709,726,77978,
16,97,581,678,21066,
16,98,658,675,25890,
16,99,587,603,57728,
17,0,726,743,77878,
17,1,846,864,86518,
17,2,740,757,77805,
17,3,746,765,51612,
17,4,729,745,51904,
17,5,720,740,26075,
17,6,864,882,57740,
17,7,719,738,77713,
17,8,722,738,77494,
17,9,682,701,77568,
17,10,601,617,63016,
17,11,871,888,28961,
17,12,586,604,63319,
17,13,747,771,25812,
17,14,734,750,77415,
17,15,674,789,51640,
17,16,524,546,41997,
17,17,803,855,86662,
17,18,585,601,77277,
17,19,768,816,86421,
17,20,534,550,21106,
17,21,671,687,25792,
17,22,524,543,63136,
17,23,543,559,42130,
17,24,658,677,51977,
17,25,829,847,57750,
17,26,814,831,86664,
17,27,596,614,20988,
17,28,667,687,25865,
17,29,874,891,28906,
17,30,869,887,57264,
17,31,689,705,77704,
17,32,804,890,57419,
17,33,851,889,28721,
17,34,859,875,28762,
17,35,510,527,42008,
17,36,803,820,29180,
17,37,681,700,77637,
17,38,697,716,51841,
17,39,688,704,25953,
17,40,690,712,25725,
17,41,705,722,25679,
17,42,830,921,86974,
17,43,848,898,57946,
17,44,680,717,25690,
17,45,647,679,77672,
17,46,858,878,86411,
17,47,854,871,28796,
17,48,615,634,42208,
17,49,615,634,63081,
17,50,731,748,51839,
17,51,573,590,63212,
17,52,861,952,57781,
17,53,888,953,57363,
17,54,701,825,51644,
17,55,592,668,21039,
17,56,539,571,21039,
17,57,902,926,86662,
17,58,569,588,63458,
17,59,687,713,25657,
17,60,828,845,86316,
17,61,573,594,42262,
17,62,688,748,25735,
17,63,541,622,20830,
17,64,659,752,25652,
17,65,850,953,29084,
17,66,697,714,57990,
17,67,613,712,42210,
17,68,485,502,42125,
17,69,841,858,57570,
17,70,838,860,29000,
17,71,746,814,51666,
17,72,836,931,28845,
17,73,739,820,51631,
17,74,737,778,51603,
17,75,793,809,57775,
17,76,677,699,25790,
17,77,552,611,62849,
17,78,830,848,86247,
17,79,590,606,41911,
17,80,637,655,77845,
17,81,689,707,77907,
17,82,837,856,86628,
17,83,619,636,42013,
17,84,809,827,28900,
17,85,844,860,57499,
17,86,713,730,52280,
17,87,598,616,41950,
17,88,681,698,77824,
17,89,569,650,63476,
17,90,575,592,42048,
17,91,536,555,21214,
17,92,570,587,63095,
17,93,589,615,42199,
17,94,583,610,62787,
17,95,836,853,58127,
17,96,548,564,63111,
17,97,730,819,28926,
17,98,586,606,28761,
17,99,684,701,86156,
18,0,568,585,20854,
18,1,856,873,86448,
18,2,874,892,28686,
18,3,753,805,77442,
18,4,806,837,86614,
18,5,827,921,57616,
18,6,926,943,28586,
18,7,921,940,86401,
18,8,636,658,51587,
18,9,850,924,28728,
18,10,916,934,87010,
18,11,910,935,86507,
18,12,658,676,77888,
18,13,890,908,86127,
18,14,780,798,51981,
18,15,752,768,51921,
18,16,602,620,41883,
18,17,563,583,42154,
18,18,682,699,25892,
18,19,584,601,63453,
18,20,616,635,62922,
18,21,529,606,21122,
18,22,750,767,28701,
18,23,783,800,86263,
18,24,578,676,63139,
18,25,800,837,87166,
18,26,550,569,20771,
18,27,801,818,28934,
18,28,830,847,57501,
18,29,880,904,57819,
18,30,770,788,26083,
18,31,595,613,42681,
18,32,905,1003,29122,
18,33,756,778,86768,
18,34,865,882,29062,
18,35,747,763,51663,
18,36,813,924,57662,
18,37,766,783,86070,
18,38,568,658,42287,
18,39,764,781,57397,
18,40,563,584,63405,
18,41,835,856,57869,
18,42,842,863,57989,
18,43,604,620,63333,
18,44,550,641,21263,
18,45,574,597,42663,
18,46,693,783,77772,
18,47,480,518,41762,
18,48,544,563,42047,
18,49,554,573,42127,
18,50,666,689,52075,
18,51,550,569,20761,
18,52,544,667,42039,
18,53,585,658,77570,
18,54,859,885,57701,
18,55,752,768,78394,
18,56,663,680,77814,
18,57,686,716,51649,
18,58,850,866,28779,
18,59,581,598,63196,
18,60,515,533,42320,
18,61,817,892,29097,
18,62,574,667,21274,
18,63,758,831,57685,
18,64,648,665,25844,
18,65,519,644,63418,
18,66,788,845,28883,
18,67,665,684,77122,
18,68,736,753,29069,
18,69,671,690,25917,
18,70,713,732,51632,
18,71,711,729,52044,
18,72,543,570,62997,
18,73,834,851,28671,
18,74,600,619,20946,
18,75,871,888,57162,
18,76,718,736,25947,
18,77,539,610,21209,
18,78,691,708,51840,
18,79,694,717,25765,
18,80,631,648,51478,
18,81,834,852,86298,
18,82,562,580,41943,
18,83,695,716,25767,
18,84,599,616,62904,
18,85,696,713,52082,
18,86,713,789,52041,
18,87,842,903,57825,
18,88,806,825,86672,
18,89,640,754,51877,
18,90,544,563,41977,
18,91,828,921,86755,
18,92,614,632,26038,
18,93,665,683,25821,
18,94,537,561,62851,
18,95,866,883,57633,
18,96,588,613,42249,
18,97,751,773,52034,
18,98,649,666,20857,
18,99,479,529,51929,
19,0,820,839,57762,
19,1,603,698,21193,
19,2,612,698,63631,
19,3,685,707,51929,
19,4,843,862,28666,
19,5,592,627,42246,
19,6,702,729,51842,
19,7,859,876,86619,
19,8,842,865,57592,
19,9,863,884,28636,
19,10,562,579,42044,
19,11,558,577,20853,
19,12,561,586,63391,
19,13,865,882,28715,
19,14,753,775,77136,
19,15,559,646,42295,
19,16,811,828,28518,
19,17,582,599,20873,
19,18,835,857,86252,
19,19,575,592,41818,
19,20,714,734,25927,
19,21,602,629,21061,
19,22,670,687,51546,
19,23,823,840,28846,
19,24,855,922,29119,
19,25,825,847,86599,
19,26,571,763,21200,
19,27,411,428,63230,
19,28,576,613,62997,
19,29,826,920,57711,
19,30,553,594,42339,
19,31,810,843,28950,
19,32,531,555,20924,
19,33,487,512,63404,
19,34,827,848,86281,
19,35,841,864,57413,
19,36,839,859,87007,
19,37,714,732,77452,
19,38,826,849,86004,
19,39,857,880,29189,
19,40,611,631,63281,
19,41,833,853,57777,
19,42,698,716,77645,
19,43,831,862,28756,
19,44,813,830,28864,
19,45,597,640,42282,
19,46,550,570,62988,
19,47,701,717,25774,
19,48,599,641,20904,
19,49,725,747,51559,
19,50,553,571,63221,
19,51,846,869,57441,
19,52,721,748,51827,
19,53,576,594,42372,
19,54,686,706,51631,
19,55,671,793,77562,
19,56,574,684,42065,
19,57,670,687,51899,
19,58,727,841,57448,
19,59,814,841,77739,
19,60,964,980,28901,
19,61,718,736,51662,
19,62,634,659,20908,
19,63,714,732,26072,
19,64,852,871,28979,
19,65,712,729,77648,
19,66,604,621,63258,
19,67,701,722,26076,
19,68,847,959,86628,
19,69,740,866,51863,
19,70,549,566,63229,
19,71,649,676,26180,
19,72,839,896,86119,
19,73,664,686,25943,
19,74,553,614,21161,
19,75,782,874,86743,
19,76,763,818,28898,
19,77,570,613,21261,
19,78,678,745,77705,
19,79,819,836,28932,
19,80,817,840,28896,
19,81,821,921,57615,
19,82,595,625,21272,
19,83,699,717,51408,
19,84,579,600,41903,
19,85,498,518,42224,
19,86,547,613,21325,
19,87,803,888,86386,
19,88,581,600,63868,
19,89,655,700,77689,
19,90,764,818,86454,
19,91,794,816,86760,
19,92,799,821,57912,
19,93,708,728,51515,
19,94,814,832,29066,
19,95,685,704,77908,
19,96,737,754,86596,
19,97,557,607,21042,
19,98,460,603,20873,
19,99,384,436,42299,
20,0,743,766,77783,
20,1,599,619,63373,
20,2,860,882,86620,
20,3,731,754,51623,
20,4,861,948,28677,
20,5,844,865,57535,
20,6,729,800,51876,
20,7,807,825,28998,
20,8,733,751,51932,
20,9,719,736,25866,
20,10,572,590,21123,
20,11,801,874,86291,
20,12,795,815,57468,
20,13,598,721,63347,
20,14,669,706,77734,
20,15,682,720,51727,
20,16,555,583,63189,
20,17,791,810,77909,
20,18,924,961,57689,
20,19,840,860,28798,
20,20,968,1035,57364,
20,21,746,808,25751,
20,22,550,656,41816,
20,23,711,753,57761,
20,24,572,598,63418,
20,25,839,860,57748,
20,26,811,836,57296,
20,27,829,938,57952,
20,28,551,615,63103,
20,29,801,818,28536,
20,30,532,569,42155,
20,31,548,573,42240,
20,32,817,834,57757,
20,33,544,603,63173,
20,34,752,785,28738,
20,35,827,844,86146,
20,36,586,626,42541,
20,37,777,800,85869,
20,38,770,789,28926,
20,39,585,601,21006,
20,40,583,609,21309,
20,41,800,829,57845,
20,42,708,726,52083,
20,43,726,753,25834,
20,44,721,747,25708,
20,45,707,778,25940,
20,46,525,545,20906,
20,47,889,918,86571,
20,48,884,902,29029,
20,49,830,857,28675,
20,50,737,812,51767,
20,51,698,719,25882,
20,52,567,593,62888,
20,53,813,926,28767,
20,54,538,589,63343,
20,55,774,798,28681,
20,56,618,644,25659,
20,57,797,813,28695,
20,58,717,744,51934,
20,59,691,717,77823,
20,60,714,737,25742,
20,61,551,567,21052,
20,62,553,586,21214,
20,63,704,721,25747,
20,64,817,842,28679,
20,65,525,581,63230,
20,66,798,818,58057,
20,67,812,828,86437,
20,68,714,737,26013,
20,69,820,837,86253,
20,70,823,913,57424,
20,71,734,768,77698,
20,72,694,712,77410,
20,73,622,639,77662,
20,74,573,589,63053,
20,75,831,852,28936,
20,76,844,868,28739,
20,77,594,611,21064,
20,78,542,558,63193,
20,79,687,704,26007,
20,80,569,594,21066,
20,81,669,686,25703,
20,82,800,896,57488,
20,83,575,669,42161,
20,84,548,601,63009,
20,85,708,726,86431,
20,86,675,731,77609,
20,87,594,728,42121,
20,88,775,792,58005,
20,89,774,877,86314,
20,90,702,721,25722,
20,91,612,636,25960,
20,92,583,600,42335,
20,93,837,856,28923,
20,94,690,707,42288,
20,95,913,930,57478,
20,96,802,822,26031,
20,97,764,790,28782,
20,98,734,750,86773,
20,99,363,393,63138,
21,0,802,819,52302,
21,1,742,760,26077,
21,2,616,634,42157,
21,3,824,841,51435,
21,4,543,560,63097,
21,5,557,577,42177,
21,6,673,691,77865,
21,7,541,558,63360,
21,8,809,825,86745,
21,9,549,568,63605,
21,10,824,841,57597,
21,11,671,701,77299,
21,12,799,816,57517,
21,13,690,707,77922,
21,14,818,841,86565,
21,15,692,710,26031,
21,16,627,645,77981,
21,17,828,844,29140,
21,18,593,610,42334,
21,19,535,612,41957,
21,20,671,687,25749,
21,21,843,859,57758,
21,22,572,589,63089,
21,23,564,583,21051,
21,24,829,846,86098,
21,25,534,554,62678,
21,26,697,713,25649,
21,27,671,688,77699,
21,28,551,570,42141,
21,29,542,559,63505,
21,30,824,841,86775,
21,31,549,566,20952,
21,32,676,692,51881,
21,33,539,560,42210,
21,34,525,543,41908,
21,35,518,535,21211,
21,36,827,844,57597,
21,37,802,819,28894,
21,38,583,609,21098,
21,39,802,819,57964,
21,40,586,602,21391,
21,41,690,707,51617,
21,42,705,725,26143,
21,43,552,569,20999,
21,44,651,671,51856,
21,45,736,755,77971,
21,46,714,732,25616,
21,47,791,808,57440,
21,48,668,686,77579,
21,49,708,729,26160,
21,50,826,844,28883,
21,51,531,547,21007,
21,52,789,805,57698,
21,53,796,813,57820,
21,54,791,812,57482,
21,55,823,842,57567,
21,56,534,556,20910,
21,57,836,856,86602,
21,58,796,813,57262,
21,59,704,721,25698,
21,60,778,796,86548,
21,61,549,566,21169,
21,62,824,841,86267,
21,63,822,841,86553,
21,64,587,604,42192,
21,65,647,664,77397,
21,66,592,614,63314,
21,67,818,835,57518,
21,68,716,734,77632,
21,69,684,702,77885,
21,70,565,582,63068,
21,71,674,691,51501,
21,72,806,823,28561,
21,73,801,817,57901,
21,74,691,708,77452,
21,75,668,685,77325,
21,76,796,815,85827,
21,77,825,843,57577,
21,78,792,809,58070,
21,79,700,718,51900,
21,80,787,804,57283,
21,81,849,868,57682,
21,82,579,596,63433,
21,83,833,854,29151,
21,84,735,758,77713,
21,85,736,753,77780,
21,86,933,953,86436,
21,87,601,622,63404,
21,88,692,728,26039,
21,89,682,698,51957,
21,90,831,848,58091,
21,91,542,559,42497,
21,92,734,761,51926,
21,93,866,886,28888,
21,94,560,576,21081,
21,95,683,700,77840,
21,96,732,754,25956,
21,97,669,685,25812,
21,98,599,615,63452,
21,99,663,680,28615,
22,0,589,607,21126,
22,1,580,598,63375,
22,2,815,832,86256,
22,3,715,732,25912,
22,4,837,856,57482,
22,5,828,845,57719,
22,6,844,873,86477,
22,7,705,722,51944,
22,8,556,573,21013,
22,9,665,683,25893,
22,10,556,572,21324,
22,11,799,816,86570,
22,12,668,686,77840,
22,13,810,828,28671,
22,14,537,555,63144,
22,15,527,543,63357,
22,16,645,662,25911,
22,17,669,686,26195,
22,18,551,570,63088,
22,19,853,873,57750,
22,20,721,737,77809,
22,21,726,743,25806,
22,22,664,681,41898,
22,23,677,694,78211,
22,24,669,687,51818,
22,25,709,728,77561,
22,26,703,720,77522,
22,27,516,533,42245,
22,28,820,837,86609,
22,29,746,769,51564,
22,30,733,751,77571,
22,31,779,796,57367,
22,32,816,835,57619,
22,33,562,579,42101,
22,34,688,706,77547,
22,35,669,686,25958,
22,36,512,530,63130,
22,37,794,813,86096,
22,38,525,541,42248,
22,39,803,820,57438,
22,40,668,685,78145,
22,41,657,673,51784,
22,42,662,680,51835,
22,43,802,819,57534,
22,44,657,675,51710,
22,45,674,692,52148,
22,46,810,827,86542,
22,47,677,694,77938,
22,48,656,676,51616,
22,49,787,804,57586,
22,50,548,569,62857,
22,51,580,604,41878,
22,52,676,693,77808,
22,53,749,765,77810,
22,54,771,789,77673,
22,55,777,794,51824,
22,56,845,861,86479,
22,57,812,830,57602,
22,58,688,705,51808,
22,59,681,702,25872,
22,60,545,562,63618,
22,61,517,534,62794,
22,62,672,709,26011,
22,63,784,801,28684,
22,64,810,827,86732,
22,65,795,811,86360,
22,66,810,827,28557,
22,67,687,707,78066,
22,68,535,554,63312,
22,69,796,813,86455,
22,70,822,839,86327,
22,71,679,698,51664,
22,72,819,835,57948,
22,73,671,687,77380,
22,74,834,854,57380,
22,75,547,563,63204,
22,76,693,709,51798,
22,77,526,544,42317,
22,78,807,823,57733,
22,79,718,735,51733,
22,80,840,857,86448,
22,81,559,578,20835,
22,82,804,821,57292,
22,83,556,573,63242,
22,84,881,899,57254,
22,85,554,571,42121,
22,86,845,861,86391,
22,87,679,696,63136,
22,88,862,881,86496,
22,89,825,844,86172,
22,90,709,729,51949,
22,91,588,604,42459,
22,92,675,692,25771,
22,93,548,566,63288,
22,94,831,849,28835,
22,95,581,597,42235,
22,96,544,561,21218,
22,97,795,826,29084,
22,98,457,488,77738,
22,99,585,604,28947,
23,0,911,932,28927,
23,1,916,932,57423,
23,2,580,597,63564,
23,3,850,870,86387,
23,4,808,826,29140,
23,5,829,845,29130,
23,6,758,774,25835,
23,7,755,774,51692,
23,8,557,575,20982,
23,9,764,782,77501,
23,10,558,576,63447,
23,11,758,774,25903,
23,12,543,565,42283,
23,13,554,571,63396,
23,14,665,682,25812,
23,15,564,581,42031,
23,16,570,587,63110,
23,17,788,807,28726,
23,18,704,720,26127,
23,19,832,849,28932,
23,20,826,843,28975,
23,21,553,574,63375,
23,22,808,824,29157,
23,23,682,699,77698,
23,24,832,848,57659,
23,25,810,830,28956,
23,26,539,558,63092,
23,27,550,567,21085,
23,28,792,811,86787,
23,29,678,695,77429,
23,30,820,837,28993,
23,31,809,825,57412,
23,32,664,681,77580,
23,33,660,676,78091,
23,34,810,829,86739,
23,35,683,702,25585,
23,36,673,690,77396,
23,37,679,697,25868,
23,38,684,703,26125,
23,39,813,830,28974,
23,40,554,573,20981,
23,41,562,581,42044,
23,42,674,692,77406,
23,43,533,550,20834,
23,44,684,701,26168,
23,45,551,575,21191,
23,46,543,560,62654,
23,47,536,554,42084,
23,48,898,915,28621,
23,49,707,724,51983,
23,50,755,771,25951,
23,51,840,857,86136,
23,52,559,580,63458,
23,53,796,813,57843,
23,54,552,570,21029,
23,55,668,685,77919,
23,56,541,558,41928,
23,57,686,704,77628,
23,58,815,842,86586,
23,59,547,564,42150,
23,60,685,702,77439,
23,61,872,892,86227,
23,62,760,776,51932,
23,63,860,877,57516,
23,64,586,602,21120,
23,65,816,833,28803,
23,66,711,731,51822,
23,67,591,608,63160,
23,68,817,834,86566,
23,69,556,573,20980,
23,70,685,706,51699,
23,71,675,692,51559,
23,72,797,814,28810,
23,73,550,567,21277,
23,74,793,810,57771,
23,75,684,701,77951,
23,76,693,710,51760,
23,77,688,704,77704,
23,78,729,765,51856,
23,79,724,741,25905,
23,80,702,719,25860,
23,81,592,612,62894,
23,82,736,756,77961,
23,83,737,753,25972,
23,84,582,599,42057,
23,85,584,602,63016,
23,86,758,777,52111,
23,87,595,636,62585,
23,88,744,760,77652,
23,89,570,587,63416,
23,90,843,860,28849,
23,91,745,765,26099,
23,92,603,623,63159,
23,93,600,617,63120,
23,94,752,777,77883,
23,95,752,780,51923,
23,96,860,882,28617,
23,97,769,786,25904,
23,98,381,397,62747,
23,99,387,403,20963,
24,0,747,763,51438,
24,1,571,591,42114,
24,2,742,759,51869,
24,3,816,833,86626,
24,4,817,837,86509,
24,5,727,744,77703,
24,6,845,863,28761,
24,7,690,707,26005,
24,8,865,882,28802,
24,9,901,919,86179,
24,10,895,912,57812,
24,11,950,968,28908,
24,12,710,727,77374,
24,13,588,605,42107,
24,14,826,843,57680,
24,15,836,860,57892,
24,16,841,858,28862,
24,17,723,742,26130,
24,18,527,544,62915,
24,19,778,795,57624,
24,20,847,864,57853,
24,21,802,819,28925,
24,22,843,865,57186,
24,23,815,832,86253,
24,24,555,571,42571,
24,25,557,574,21329,
24,26,554,573,42474,
24,27,821,841,57696,
24,28,848,868,57431,
24,29,715,733,51924,
24,30,720,736,77627,
24,31,532,550,20950,
24,32,868,884,57875,
24,33,760,777,51458,
24,34,813,830,86825,
24,35,817,836,86117,
24,36,688,711,77398,
24,37,826,844,86573,
24,38,722,743,77893,
24,39,671,689,51746,
24,40,662,681,77407,
24,41,711,728,51378,
24,42,843,860,57706,
24,43,536,553,63060,
24,44,824,842,28571,
24,45,678,694,25904,
24,46,809,831,57809,
24,47,560,577,63354,
24,48,783,800,86545,
24,49,713,729,25790,
24,50,593,610,63347,
24,51,798,815,57721,
24,52,546,564,62929,
24,53,656,673,25749,
24,54,667,698,51726,
24,55,792,813,28692,
24,56,678,695,51652,
24,57,774,791,86668,
24,58,540,567,42273,
24,59,818,838,29123,
24,60,703,724,25796,
24,61,590,614,20922,
24,62,822,838,85998,
24,63,721,738,77998,
24,64,857,884,29076,
24,65,547,563,63192,
24,66,825,842,57406,
24,67,690,707,25816,
24,68,693,710,25804,
24,69,683,700,51460,
24,70,672,690,25962,
24,71,833,850,86349,
24,72,790,816,86586,
24,73,705,723,25803,
24,74,849,866,28825,
24,75,561,586,63257,
24,76,558,592,21209,
24,77,673,690,25650,
24,78,710,733,77059,
24,79,730,748,77888,
24,80,606,625,42013,
24,81,569,589,63071,
24,82,546,562,42176,
24,83,723,743,51463,
24,84,831,849,57505,
24,85,713,734,25900,
24,86,699,718,77807,
24,87,899,916,57413,
24,88,836,852,77651,
24,89,754,780,51898,
24,90,667,686,77982,
24,91,824,842,28697,
24,92,815,853,86724,
24,93,582,618,20962,
24,94,809,827,86799,
24,95,553,570,21177,
24,96,552,571,63110,
24,97,534,553,21181,
24,98,596,613,57382,
24,99,478,495,51620,
25,0,583,628,63260,
25,1,750,768,51787,
25,2,816,836,87174,
25,3,768,788,52099,
25,4,816,844,57750,
25,5,608,629,42424,
25,6,579,605,63213,
25,7,684,706,25922,
25,8,561,589,20999,
25,9,786,812,86832,
25,10,571,588,20904,
25,11,822,849,29006,
25,12,691,707,51995,
25,13,846,868,58154,
25,14,716,744,77578,
25,15,546,567,63021,
25,16,550,582,21136,
25,17,670,704,51698,
25,18,844,869,28760,
25,19,746,763,78191,
25,20,653,671,52186,
25,21,839,856,28757,
25,22,729,751,51730,
25,23,712,735,25950,
25,24,692,715,51804,
25,25,709,725,51542,
25,26,848,867,28709,
25,27,712,733,51757,
25,28,721,750,77723,
25,29,703,723,51882,
25,30,697,718,51625,
25,31,712,728,77709,
25,32,589,621,62730,
25,33,555,580,20890,
25,34,560,592,21034,
25,35,830,849,57472,
25,36,699,725,51876,
25,37,808,824,57645,
25,38,670,686,51934,
25,39,771,802,86712,
25,40,696,715,25869,
25,41,839,860,29091,
25,42,831,852,28901,
25,43,677,694,77630,
25,44,686,705,51787,
25,45,700,747,77697,
25,46,580,603,41988,
25,47,558,575,42086,
25,48,810,827,87091,
25,49,816,842,86758,
25,50,839,855,28737,
25,51,596,615,42049,
25,52,590,607,20989,
25,53,868,921,57762,
25,54,795,814,52063,
25,55,818,836,25982,
25,56,796,813,77606,
25,57,759,777,52110,
25,58,762,778,77833,
25,59,594,611,21131,
25,60,705,724,51870,
25,61,866,894,57420,
25,62,542,558,21166,
25,63,843,862,86079,
25,64,816,835,86216,
25,65,668,685,78125,
25,66,898,926,57617,
25,67,890,911,86690,
25,68,687,704,51964,
25,69,545,566,20991,
25,70,821,840,86452,
25,71,591,612,21030,
25,72,836,858,57814,
25,73,711,735,51968,
25,74,813,830,57407,
25,75,553,572,41866,
25,76,691,708,77628,
25,77,800,817,57954,
25,78,809,826,29111,
25,79,818,836,57781,
25,80,577,595,21030,
25,81,672,695,77687,
25,82,724,746,26033,
25,83,723,741,77957,
25,84,695,717,77831,
25,85,588,608,41882,
25,86,858,875,29059,
25,87,544,564,42075,
25,88,729,746,25969,
25,89,830,854,86563,
25,90,774,797,29105,
25,91,712,734,51774,
25,92,842,879,86402,
25,93,834,859,57708,
25,94,696,726,77419,
25,95,677,694,25930,
25,96,545,563,42010,
25,97,655,675,77596,
25,98,420,437,42177,
25,99,573,590,28705,
26,0,605,625,21129,
26,1,588,618,21037,
26,2,707,727,51936,
26,3,707,727,25715,
26,4,711,731,52208,
26,5,692,710,51657,
26,6,722,739,26216,
26,7,818,835,28705,
26,8,928,947,28854,
26,9,876,896,86635,
26,10,932,950,58127,
26,11,713,741,25791,
26,12,554,574,21225,
26,13,698,715,51768,
26,14,811,827,28598,
26,15,575,592,20854,
26,16,802,818,86642,
26,17,721,738,26126,
26,18,847,864,57230,
26,19,695,713,77537,
26,20,671,688,78021,
26,21,862,879,87046,
26,22,808,825,28622,
26,23,730,747,77423,
26,24,810,827,57624,
26,25,723,743,26158,
26,26,596,614,21154,
26,27,690,712,77411,
26,28,540,557,21163,
26,29,851,870,57599,
26,30,605,623,42093,
26,31,860,880,86423,
26,32,578,595,62936,
26,33,536,553,42333,
26,34,849,865,86945,
26,35,893,912,86683,
26,36,758,775,77175,
26,37,683,700,78077,
26,38,555,572,42140,
26,39,835,852,86410,
26,40,921,937,28914,
26,41,899,916,87097,
26,42,688,704,51977,
26,43,688,705,51449,
26,44,574,598,42127,
26,45,594,611,42612,
26,46,578,595,21093,
26,47,702,719,51833,
26,48,922,939,28771,
26,49,860,877,86441,
26,50,708,725,77593,
26,51,685,703,51886,
26,52,835,858,28870,
26,53,743,762,52204,
26,54,602,619,21050,
26,55,676,695,26029,
26,56,567,584,21097,
26,57,562,579,42401,
26,58,554,571,63075,
26,59,703,720,25639,
26,60,851,874,28588,
26,61,566,583,63130,
26,62,847,865,58241,
26,63,809,825,28639,
26,64,854,874,86844,
26,65,601,618,63753,
26,66,779,798,28594,
26,67,841,858,57421,
26,68,536,553,63312,
26,69,851,867,86155,
26,70,679,695,78019,
26,71,810,832,57753,
26,72,838,855,57685,
26,73,727,743,51360,
26,74,667,684,77747,
26,75,835,854,58133,
26,76,731,748,78147,
26,77,576,593,42106,
26,78,863,880,28859,
26,79,588,604,20935,
26,80,581,597,63365,
26,81,848,866,28817,
26,82,714,731,51749,
26,83,585,602,63015,
26,84,576,594,21103,
26,85,848,865,86642,
26,86,729,745,77430,
26,87,747,767,77742,
26,88,731,748,77544,
26,89,911,928,86575,
26,90,595,613,63622,
26,91,783,813,26096,
26,92,618,644,42152,
26,93,710,726,25856,
26,94,694,712,51637,
26,95,849,867,86436,
26,96,851,869,57866,
26,97,771,788,28670,
26,98,622,638,57670,
26,99,607,627,57766,
27,0,843,861,57830,
27,1,572,589,63347,
27,2,816,835,86608,
27,3,724,747,51818,
27,4,808,825,28602,
27,5,837,853,57441,
27,6,573,590,42217,
27,7,833,850,86629,
27,8,850,867,86727,
27,9,693,710,51606,
27,10,674,692,51965,
27,11,652,669,25663,
27,12,812,828,57586,
27,13,822,839,28646,
27,14,573,590,63195,
27,15,695,712,25753,
27,16,674,693,77606,
27,17,811,827,28917,
27,18,589,608,63484,
27,19,669,685,77416,
27,20,808,824,86394,
27,21,690,719,77364,
27,22,809,825,57616,
27,23,681,698,77931,
27,24,699,715,25844,
27,25,539,560,62990,
27,26,589,605,20882,
27,27,674,690,51854,
27,28,664,680,77895,
27,29,594,611,42144,
27,30,592,609,21246,
27,31,659,676,25935,
27,32,588,622,21163,
27,33,570,587,42075,
27,34,532,549,41873,
27,35,654,673,51831,
27,36,741,757,25783,
27,37,731,748,26004,
27,38,798,815,86639,
27,39,684,704,25660,
27,40,710,727,51969,
27,41,662,681,51628,
27,42,702,719,77683,
27,43,788,804,28986,
27,44,555,575,63273,
27,45,546,563,63239,
27,46,797,814,57297,
27,47,556,574,21087,
27,48,552,568,42085,
27,49,689,707,76999,
27,50,548,565,63295,
27,51,555,571,21299,
27,52,665,706,77012,
27,53,518,535,42520,
27,54,779,795,28685,
27,55,524,541,42014,
27,56,678,696,77955,
27,57,775,795,28762,
27,58,549,566,63189,
27,59,809,826,86475,
27,60,855,871,57731,
27,61,754,770,51748,
27,62,568,584,63190,
27,63,811,831,29105,
27,64,809,825,86008,
27,65,572,588,42007,
27,66,932,950,86717,
27,67,845,881,57471,
27,68,917,933,28669,
27,69,599,617,63186,
27,70,675,695,25963,
27,71,821,838,28611,
27,72,847,864,28907,
27,73,838,854,86248,
27,74,831,849,86477,
27,75,838,856,28639,
27,76,721,744,77859,
27,77,548,565,20974,
27,78,545,582,62909,
27,79,687,705,51760,
27,80,716,736,25914,
27,81,854,875,28734,
27,82,569,587,63012,
27,83,619,638,42226,
27,84,640,657,21273,
27,85,643,665,21239,
27,86,802,823,86173,
27,87,868,884,86667,
27,88,818,835,86274,
27,89,736,753,26088,
27,90,548,565,42408,
27,91,561,582,20969,
27,92,826,845,28963,
27,93,568,584,20895,
27,94,538,557,41867,
27,95,840,857,28702,
27,96,560,576,63349,
27,97,563,581,21052,
27,98,717,734,86555,
27,99,534,551,87167,
28,0,755,774,77823,
28,1,767,786,77759,
28,2,849,868,29045,
28,3,765,799,51658,
28,4,848,866,86695,
28,5,865,884,28997,
28,6,735,755,51774,
28,7,749,772,51714,
28,8,719,756,77686,
28,9,620,641,41909,
28,10,752,776,25989,
28,11,751,780,25553,
28,12,725,742,25726,
28,13,863,882,86543,
28,14,870,887,28947,
28,15,752,775,77853,
28,16,685,702,25618,
28,17,692,711,77472,
28,18,725,742,51878,
28,19,733,749,51691,
28,20,856,874,28987,
28,21,729,746,51498,
28,22,546,564,63632,
28,23,806,826,57775,
28,24,853,874,29003,
28,25,767,784,25921,
28,26,746,768,51526,
28,27,686,704,26019,
28,28,592,609,63145,
28,29,562,579,20930,
28,30,595,620,21099,
28,31,555,572,42155,
28,32,840,858,57744,
28,33,876,893,57308,
28,34,585,602,20899,
28,35,728,765,25917,
28,36,693,710,78254,
28,37,571,595,42378,
28,38,589,606,41932,
28,39,593,613,20962,
28,40,870,887,57832,
28,41,772,789,25668,
28,42,759,776,25940,
28,43,734,752,77674,
28,44,899,916,28960,
28,45,895,914,57732,
28,46,744,762,25857,
28,47,751,771,78137,
28,48,580,597,20983,
28,49,706,722,52176,
28,50,941,958,28937,
28,51,741,758,26074,
28,52,833,850,86408,
28,53,934,954,28775,
28,54,707,728,77621,
28,55,802,819,86912,
28,56,663,679,51696,
28,57,666,686,77254,
28,58,816,833,58238,
28,59,595,611,62968,
28,60,687,704,77535,
28,61,695,712,25910,
28,62,712,730,52245,
28,63,851,868,86190,
28,64,776,793,57719,
28,65,548,570,63378,
28,66,807,824,86691,
28,67,859,876,57935,
28,68,733,750,25931,
28,69,572,592,20916,
28,70,541,559,21005,
28,71,802,818,86817,
28,72,590,613,42229,
28,73,718,734,77998,
28,74,793,810,29163,
28,75,690,706,77405,
28,76,697,713,77811,
28,77,809,825,86589,
28,78,792,818,28727,
28,79,559,578,20820,
28,80,683,711,51256,
28,81,840,860,57945,
28,82,717,735,51725,
28,83,683,704,77511,
28,84,542,560,21168,
28,85,669,692,51710,
28,86,805,825,57595,
28,87,566,588,62956,
28,88,536,557,41899,
28,89,665,688,25951,
28,90,683,712,77913,
28,91,793,810,58045,
28,92,550,567,21263,
28,93,658,675,26022,
28,94,563,580,42526,
28,95,560,578,63237,
28,96,780,797,57784,
28,97,552,572,52220,
28,98,542,559,63281,
28,99,678,698,28584,
29,0,726,750,51912,
29,1,573,595,42030,
29,2,597,618,42052,
29,3,843,864,57703,
29,4,528,545,21139,
29,5,553,572,63174,
29,6,664,686,51508,
29,7,818,835,29006,
29,8,567,586,20920,
29,9,657,685,77697,
29,10,690,721,77193,
29,11,553,574,42106,
29,12,831,852,86937,
29,13,708,729,25972,
29,14,554,573,42103,
29,15,539,573,42225,
29,16,567,592,21152,
29,17,694,716,77738,
29,18,537,555,62823,
29,19,551,589,42472,
29,20,824,847,28755,
29,21,598,624,41955,
29,22,711,731,25897,
29,23,587,607,42166,
29,24,857,876,86384,
29,25,865,884,28842,
29,26,585,606,20822,
29,27,723,742,77810,
29,28,702,727,51790,
29,29,870,892,86179,
29,30,702,719,52191,
29,31,750,775,51730,
29,32,821,840,86307,
29,33,599,615,20922,
29,34,851,875,29080,
29,35,732,750,25838,
29,36,669,687,77962,
29,37,568,585,21054,
29,38,538,563,42161,
29,39,663,680,51706,
29,40,671,690,26036,
29,41,676,696,77502,
29,42,800,825,57589,
29,43,673,694,26074,
29,44,540,557,42024,
29,45,672,693,51601,
29,46,679,698,25826,
29,47,656,674,25986,
29,48,677,694,78116,
29,49,566,585,21071,
29,50,844,865,28823,
29,51,733,752,77531,
29,52,866,888,57802,
29,53,723,745,51938,
29,54,559,578,42032,
29,55,878,899,86486,
29,56,799,818,25683,
29,57,705,728,41998,
29,58,591,614,42088,
29,59,841,861,86914,
29,60,872,892,57380,
29,61,755,772,77552,
29,62,714,733,51973,
29,63,715,735,51842,
29,64,576,597,63186,
29,65,598,619,62974,
29,66,593,612,42061,
29,67,881,900,28906,
29,68,592,613,41920,
29,69,897,920,86501,
29,70,755,778,51773,
29,71,589,610,21189,
29,72,580,600,63459,
29,73,734,754,25709,
29,74,846,865,57386,
29,75,703,723,52183,
29,76,831,851,28683,
29,77,820,843,28501,
29,78,808,827,28727,
29,79,801,820,57598,
29,80,822,846,86461,
29,81,818,887,57326,
29,82,567,587,21210,
29,83,689,705,51723,
29,84,563,593,63215,
29,85,559,580,21144,
29,86,686,709,77362,
29,87,709,735,51895,
29,88,835,854,86170,
29,89,570,588,42328,
29,90,687,706,51713,
29,91,546,565,42239,
29,92,674,695,51841,
29,93,816,836,86398,
29,94,817,839,28947,
29,95,707,726,78110,
29,96,547,571,20926,
29,97,600,616,51786,
29,98,376,393,21250,
29,99,599,620,28759,
30,0,558,575,42140,
30,1,829,847,86578,
30,2,727,744,51582,
30,3,861,902,86489,
30,4,809,826,28839,
30,5,525,542,42093,
30,6,682,699,25976,
30,7,785,802,86394,
30,8,799,815,86592,
30,9,818,836,58087,
30,10,589,612,21063,
30,11,656,672,26241,
30,12,783,801,28897,
30,13,683,700,77218,
30,14,821,838,29088,
30,15,810,837,57539,
30,16,826,844,86367,
30,17,717,733,25978,
30,18,668,685,26144,
30,19,792,810,86525,
30,20,832,848,86412,
30,21,580,597,41860,
30,22,836,864,86294,
30,23,793,810,85950,
30,24,528,545,42005,
30,25,797,813,28793,
30,26,817,834,28911,
30,27,821,839,28568,
30,28,796,814,57897,
30,29,775,792,28898,
30,30,805,822,57862,
30,31,806,823,57560,
30,32,822,840,86443,
30,33,779,796,28802,
30,34,682,701,51724,
30,35,679,701,25637,
30,36,559,576,21212,
30,37,680,699,26093,
30,38,537,554,42039,
30,39,812,829,86277,
30,40,552,569,20825,
30,41,566,583,42425,
30,42,565,583,41995,
30,43,565,581,21065,
30,44,566,582,41868,
30,45,563,581,42280,
30,46,701,717,77906,
30,47,568,589,63241,
30,48,867,885,29032,
30,49,825,842,28875,
30,50,718,734,25798,
30,51,885,904,28764,
30,52,809,831,57468,
30,53,686,707,52226,
30,54,686,703,26214,
30,55,652,669,25958,
30,56,848,869,86418,
30,57,819,839,28594,
30,58,736,756,51862,
30,59,581,597,21169,
30,60,733,750,51801,
30,61,707,724,77540,
30,62,584,600,20953,
30,63,730,749,51516,
30,64,818,835,57538,
30,65,596,612,21116,
30,66,707,726,77966,
30,67,597,616,21236,
30,68,839,857,57685,
30,69,558,574,63508,
30,70,589,606,62987,
30,71,690,706,77388,
30,72,538,554,63182,
30,73,546,563,63194,
30,74,538,555,63253,
30,75,662,678,25969,
30,76,669,686,77630,
30,77,671,688,77723,
30,78,666,683,51614,
30,79,546,563,20945,
30,80,815,832,87180,
30,81,687,705,77520,
30,82,690,707,26162,
30,83,690,708,77871,
30,84,841,858,87194,
30,85,823,840,86579,
30,86,843,861,28827,
30,87,596,613,21103,
30,88,828,856,86476,
30,89,554,573,42419,
30,90,580,601,21228,
30,91,667,684,52027,
30,92,525,541,42002,
30,93,676,694,52021,
30,94,555,588,21028,
30,95,660,677,77998,
30,96,658,700,51923,
30,97,690,708,51713,
30,98,758,775,86669,
30,99,510,528,51560,
31,0,853,879,28739,
31,1,581,647,62867,
31,2,687,712,77749,
31,3,726,750,25881,
31,4,865,884,28480,
31,5,873,891,86463,
31,6,711,729,26030,
31,7,712,731,25700,
31,8,824,846,57368,
31,9,868,887,28864,
31,10,743,766,51963,
31,11,843,866,28808,
31,12,705,724,77794,
31,13,729,754,51662,
31,14,613,631,63002,
31,15,698,719,51643,
31,16,869,889,28956,
31,17,530,549,42230,
31,18,751,770,78042,
31,19,838,863,28661,
31,20,868,938,57482,
31,21,642,662,41960,
31,22,838,857,86467,
31,23,736,755,51816,
31,24,823,841,86244,
31,25,549,568,21261,
31,26,674,695,77371,
31,27,704,723,25791,
31,28,564,636,63076,
31,29,549,591,63388,
31,30,798,818,57626,
31,31,653,675,52021,
31,32,820,840,86841,
31,33,676,700,25938,
31,34,674,691,51650,
31,35,816,887,57556,
31,36,779,902,57383,
31,37,838,859,57571,
31,38,588,606,63316,
31,39,589,609,77654,
31,40,588,614,42493,
31,41,702,723,51918,
31,42,537,590,20894,
31,43,781,826,86481,
31,44,802,822,28821,
31,45,558,580,21085,
31,46,680,703,25795,
31,47,670,687,77568,
31,48,825,854,57527,
31,49,663,681,77628,
31,50,582,608,63578,
31,51,836,853,86678,
31,52,693,719,51748,
31,53,700,717,51626,
31,54,841,864,28789,
31,55,545,563,62603,
31,56,691,708,51978,
31,57,809,832,57827,
31,58,579,595,63329,
31,59,548,657,63211,
31,60,535,552,42090,
31,61,813,832,86318,
31,62,812,831,28766,
31,63,560,582,42083,
31,64,564,604,20959,
31,65,589,621,21057,
31,66,722,738,77740,
31,67,708,725,26152,
31,68,590,610,42017,
31,69,700,805,26029,
31,70,603,667,63229,
31,71,590,640,63573,
31,72,540,596,63602,
31,73,715,736,26032,
31,74,598,617,63028,
31,75,581,613,42053,
31,76,825,842,29093,
31,77,708,728,52110,
31,78,836,854,28824,
31,79,712,730,25904,
31,80,709,726,78061,
31,81,540,606,21056,
31,82,758,791,28703,
31,83,716,784,51883,
31,84,604,685,63437,
31,85,638,658,25711,
31,86,604,626,63093,
31,87,852,872,57390,
31,88,734,755,77721,
31,89,607,626,21114,
31,90,788,807,25671,
31,91,623,642,63363,
31,92,946,964,57753,
31,93,779,807,25958,
31,94,586,615,62753,
31,95,716,816,77563,
31,96,778,802,57508,
31,97,598,618,63033,
31,98,507,527,41959,
31,99,507,528,25779,
32,0,744,761,51812,
32,1,881,904,57635,
32,2,871,889,86483,
32,3,759,779,25621,
32,4,572,655,21109,
32,5,692,714,25734,
32,6,526,547,63335,
32,7,801,829,86661,
32,8,576,597,63162,
32,9,708,724,77565,
32,10,556,619,63144,
32,11,557,578,41941,
32,12,847,864,86424,
32,13,691,724,77650,
32,14,721,749,77406,
32,15,791,813,57299,
32,16,847,885,86724,
32,17,541,561,20951,
32,18,591,608,42312,
32,19,653,677,51327,
32,20,804,831,86538,
32,21,679,695,51829,
32,22,715,765,51493,
32,23,684,708,77674,
32,24,569,597,42251,
32,25,690,718,77522,
32,26,689,719,78201,
32,27,602,693,63452,
32,28,660,681,25925,
32,29,748,770,77491,
32,30,587,607,63367,
32,31,632,655,42122,
32,32,834,855,86853,
32,33,750,767,51636,
32,34,880,899,86401,
32,35,834,851,28971,
32,36,538,600,42336,
32,37,827,845,86369,
32,38,598,616,63278,
32,39,825,851,28620,
32,40,587,616,63058,
32,41,559,649,21129,
32,42,649,677,25588,
32,43,601,700,21305,
32,44,598,700,63219,
32,45,820,844,57769,
32,46,682,720,77870,
32,47,684,734,25782,
32,48,566,607,42067,
32,49,688,712,25789,
32,50,836,862,57629,
32,51,749,781,51680,
32,52,594,617,20897,
32,53,545,639,20899,
32,54,760,802,57532,
32,55,752,791,86491,
32,56,585,652,42266,
32,57,685,716,77522,
32,58,540,646,21079,
32,59,716,748,77836,
32,60,835,879,86187,
32,61,789,906,29115,
32,62,594,764,42131,
32,63,515,576,20916,
32,64,458,504,41834,
32,65,691,794,77140,
32,66,605,712,63244,
32,67,610,712,63385,
32,68,596,627,20863,
32,69,823,1016,86826,
32,70,851,1042,86620,
32,71,574,764,20829,
32,72,560,682,42214,
32,73,790,836,86729,
32,74,525,715,21069,
32,75,417,487,63041,
32,76,536,590,42107,
32,77,679,710,51821,
32,78,822,877,86329,
32,79,677,720,77512,
32,80,589,649,63260,
32,81,835,916,86587,
32,82,861,902,57539,
32,83,824,863,28530,
32,84,768,802,51815,
32,85,832,870,57756,
32,86,807,854,86347,
32,87,568,615,63351,
32,88,816,854,86409,
32,89,805,953,28691,
32,90,857,984,57708,
32,91,661,714,51598,
32,92,879,922,86690,
32,93,831,930,86334,
32,94,575,631,63479,
32,95,604,644,42086,
32,96,668,747,77871,
32,97,494,542,51818,
32,98,496,535,77793,
32,99,486,538,77551,
33,0,765,802,51449,
33,1,802,836,28910,
33,2,589,710,42216,
33,3,886,923,85887,
33,4,869,887,29027,
33,5,574,628,63333,
33,6,612,629,42148,
33,7,547,566,63059,
33,8,706,724,77183,
33,9,555,681,63291,
33,10,609,657,42114,
33,11,605,624,77561,
33,12,709,726,25942,
33,13,588,614,63396,
33,14,868,886,57560,
33,15,750,768,77906,
33,16,857,921,57692,
33,17,746,809,77570,
33,18,801,894,28851,
33,19,582,642,62997,
33,20,590,607,62978,
33,21,649,670,51634,
33,22,591,610,62914,
33,23,661,681,51753,
33,24,846,867,86583,
33,25,818,836,86529,
33,26,850,868,86265,
33,27,682,703,51350,
33,28,844,861,57558,
33,29,545,562,20850,
33,30,681,713,25754,
33,31,826,843,28753,
33,32,661,724,51721,
33,33,754,771,86214,
33,34,698,714,25541,
33,35,693,710,77506,
33,36,806,921,29178,
33,37,830,866,58004,
33,38,634,661,25996,
33,39,711,750,51724,
33,40,803,921,57423,
33,41,660,678,77599,
33,42,808,826,58164,
33,43,746,765,57475,
33,44,854,872,28882,
33,45,667,686,42095,
33,46,901,918,29164,
33,47,836,854,51962,
33,48,580,604,63750,
33,49,566,583,63166,
33,50,897,981,86183,
33,51,893,976,28989,
33,52,798,815,58034,
33,53,680,699,77811,
33,54,672,690,51818,
33,55,598,640,20932,
33,56,591,619,42114,
33,57,823,923,57855,
33,58,492,509,42270,
33,59,564,588,21046,
33,60,816,835,29082,
33,61,664,682,51992,
33,62,816,895,86249,
33,63,821,840,57245,
33,64,630,648,77629,
33,65,545,562,41676,
33,66,839,857,57264,
33,67,701,717,51594,
33,68,597,613,21026,
33,69,565,581,42293,
33,70,880,897,86325,
33,71,825,845,86818,
33,72,587,627,21196,
33,73,755,771,77979,
33,74,685,702,25812,
33,75,691,712,51870,
33,76,574,591,62817,
33,77,823,844,85909,
33,78,685,703,26032,
33,79,829,853,58118,
33,80,703,772,51943,
33,81,808,899,28855,
33,82,651,670,51569,
33,83,800,819,29066,
33,84,681,698,26009,
33,85,554,570,20991,
33,86,669,788,25874,
33,87,672,688,52005,
33,88,475,493,62905,
33,89,820,837,86591,
33,90,722,820,51636,
33,91,694,738,25835,
33,92,559,661,21097,
33,93,597,614,51720,
33,94,589,611,63250,
33,95,586,611,63427,
33,96,534,551,42231,
33,97,601,639,28853,
33,98,462,479,42117,
33,99,597,719,86660,
34,0,593,630,42045,
34,1,730,767,26100,
34,2,754,791,51569,
34,3,754,793,51960,
34,4,699,722,26135,
34,5,586,607,20998,
34,6,718,737,26006,
34,7,873,976,86737,
34,8,764,781,77630,
34,9,529,546,42148,
34,10,603,635,62862,
34,11,539,614,21060,
34,12,736,772,28963,
34,13,562,578,62943,
34,14,799,817,57374,
34,15,779,801,57571,
34,16,783,800,57659,
34,17,832,849,28871,
34,18,574,591,62987,
34,19,816,837,86327,
34,20,692,733,51488,
34,21,731,747,52083,
34,22,849,870,28826,
34,23,686,716,77391,
34,24,546,564,63165,
34,25,825,841,29026,
34,26,588,607,63631,
34,27,852,871,28584,
34,28,731,748,51895,
34,29,703,720,51739,
34,30,691,707,51988,
34,31,826,846,86432,
34,32,590,607,20917,
34,33,552,585,20905,
34,34,580,603,21072,
34,35,556,592,21215,
34,36,690,707,77715,
34,37,577,595,42003,
34,38,688,708,77368,
34,39,816,833,86675,
34,40,691,707,25861,
34,41,578,595,63052,
34,42,563,580,63110,
34,43,566,682,42063,
34,44,642,667,51579,
34,45,836,853,57737,
34,46,704,721,51676,
34,47,689,705,25838,
34,48,548,624,41970,
34,49,831,848,28937,
34,50,762,779,86694,
34,51,671,687,77618,
34,52,553,570,20774,
34,53,674,691,77881,
34,54,824,845,28749,
34,55,795,871,57747,
34,56,583,600,42285,
34,57,540,557,63183,
34,58,824,841,28558,
34,59,825,842,29070,
34,60,589,607,63704,
34,61,560,579,63357,
34,62,882,900,86140,
34,63,750,766,25717,
34,64,739,756,78048,
34,65,849,871,57974,
34,66,781,799,86127,
34,67,576,673,63483,
34,68,848,865,86677,
34,69,707,730,26224,
34,70,813,924,57902,
34,71,717,808,51756,
34,72,681,698,51787,
34,73,761,778,57617,
34,74,850,867,57501,
34,75,715,732,26040,
34,76,589,610,63363,
34,77,842,859,57907,
34,78,823,840,57907,
34,79,558,575,21165,
34,80,665,682,77759,
34,81,561,577,20830,
34,82,822,946,57605,
34,83,732,797,77577,
34,84,694,710,51471,
34,85,663,704,51752,
34,86,843,920,57547,
34,87,711,728,77607,
34,88,675,715,52185,
34,89,593,713,21343,
34,90,816,833,51629,
34,91,864,882,86808,
34,92,890,908,86123,
34,93,893,911,28979,
34,94,560,597,21122,
34,95,681,752,51780,
34,96,840,856,29168,
34,97,697,714,25927,
34,98,538,617,25924,
34,99,559,617,28926,
35,0,779,813,86212,
35,1,595,646,41901,
35,2,572,645,63283,
35,3,593,645,41936,
35,4,572,611,21064,
35,5,813,830,28981,
35,6,683,700,77952,
35,7,690,710,25976,
35,8,654,676,77639,
35,9,653,670,77788,
35,10,789,810,57439,
35,11,806,823,28672,
35,12,543,575,63448,
35,13,542,559,42309,
35,14,677,716,25642,
35,15,553,655,21131,
35,16,536,554,41777,
35,17,587,604,51702,
35,18,544,560,21160,
35,19,546,564,42048,
35,20,810,826,28904,
35,21,549,565,42402,
35,22,832,872,85895,
35,23,557,573,21145,
35,24,684,701,26018,
35,25,526,544,21040,
35,26,663,703,51772,
35,27,579,713,20898,
35,28,662,715,25974,
35,29,764,781,87060,
35,30,775,793,51369,
35,31,770,790,77973,
35,32,787,804,51571,
35,33,612,631,42237,
35,34,547,637,42234,
35,35,503,532,21036,
35,36,720,737,77726,
35,37,601,626,63224,
35,38,840,858,86401,
35,39,844,860,57577,
35,40,556,582,21276,
35,41,551,581,21008,
35,42,850,881,57808,
35,43,552,569,42198,
35,44,731,761,52060,
35,45,832,849,28627,
35,46,811,833,57797,
35,47,695,716,25761,
35,48,557,578,42077,
35,49,814,833,57717,
35,50,882,987,57412,
35,51,876,961,28920,
35,52,806,825,57583,
35,53,567,613,41990,
35,54,844,861,28823,
35,55,832,849,86464,
35,56,581,597,21265,
35,57,578,614,21239,
35,58,834,852,28767,
35,59,536,555,41987,
35,60,815,832,86431,
35,61,696,712,25941,
35,62,806,871,86261,
35,63,567,596,63628,
35,64,551,568,63268,
35,65,792,875,57600,
35,66,512,532,42074,
35,67,826,918,29065,
35,68,588,619,42022,
35,69,872,889,28664,
35,70,868,885,86356,
35,71,522,617,42092,
35,72,595,614,25771,
35,73,801,818,28835,
35,74,887,904,86678,
35,75,885,902,29054,
35,76,838,857,28512,
35,77,541,557,63520,
35,78,735,753,25820,
35,79,731,755,25931,
35,80,676,695,51603,
35,81,671,776,51411,
35,82,864,941,28767,
35,83,594,718,77824,
35,84,856,912,57834,
35,85,709,726,28708,
35,86,516,532,21054,
35,87,563,580,21024,
35,88,687,704,26055,
35,89,672,704,26036,
35,90,802,894,57414,
35,91,706,723,26000,
35,92,582,599,41997,
35,93,884,902,28865,
35,94,886,905,86622,
35,95,609,629,63339,
35,96,722,740,78213,
35,97,439,456,41987,
35,98,589,622,57728,
35,99,491,511,77706,
36,0,746,764,26251,
36,1,595,613,62927,
36,2,598,616,63271,
36,3,750,771,78058,
36,4,576,595,20882,
36,5,789,860,25899,
36,6,835,853,29084,
36,7,748,768,25707,
36,8,663,680,77365,
36,9,860,876,57833,
36,10,750,771,25802,
36,11,835,852,86124,
36,12,805,823,86456,
36,13,743,803,51996,
36,14,717,762,77555,
36,15,527,642,20879,
36,16,738,755,86243,
36,17,551,569,20856,
36,18,592,611,63158,
36,19,700,716,51765,
36,20,535,569,42222,
36,21,658,675,51732,
36,22,703,721,25977,
36,23,586,604,21250,
36,24,661,718,25747,
36,25,654,702,77558,
36,26,539,621,41732,
36,27,800,818,86409,
36,28,774,819,86652,
36,29,700,720,25854,
36,30,672,690,51554,
36,31,671,723,51497,
36,32,812,831,57397,
36,33,589,613,63537,
36,34,532,549,63160,
36,35,531,548,42066,
36,36,797,813,28660,
36,37,822,838,57986,
36,38,573,591,20945,
36,39,818,836,29199,
36,40,533,550,42242,
36,41,535,581,63175,
36,42,544,560,62954,
36,43,508,525,41908,
36,44,515,532,62922,
36,45,654,671,25808,
36,46,790,807,57181,
36,47,790,807,57390,
36,48,797,869,29177,
36,49,798,861,57528,
36,50,627,684,77910,
36,51,750,772,57586,
36,52,624,643,51935,
36,53,544,563,63428,
36,54,822,841,28933,
36,55,692,708,51820,
36,56,820,895,28602,
36,57,585,668,42369,
36,58,629,697,25923,
36,59,791,812,57855,
36,60,670,689,25955,
36,61,490,512,62904,
36,62,794,816,57612,
36,63,693,710,51627,
36,64,800,820,28974,
36,65,565,582,42343,
36,66,659,683,51451,
36,67,866,929,57499,
36,68,848,879,86161,
36,69,800,818,86345,
36,70,802,821,28841,
36,71,556,573,20987,
36,72,841,907,57930,
36,73,578,598,63232,
36,74,711,728,51658,
36,75,585,602,41935,
36,76,498,515,63191,
36,77,538,624,63285,
36,78,613,731,25615,
36,79,787,867,28693,
36,80,585,639,63309,
36,81,766,819,28599,
36,82,575,594,21270,
36,83,654,670,51611,
36,84,499,519,63257,
36,85,834,852,28864,
36,86,580,597,42279,
36,87,594,611,21288,
36,88,698,715,51687,
36,89,549,567,21207,
36,90,682,759,25789,
36,91,695,711,77816,
36,92,589,611,42035,
36,93,612,629,77815,
36,94,681,720,25717,
36,95,787,805,57280,
36,96,589,687,63020,
36,97,786,882,57669,
36,98,543,563,28568,
36,99,576,598,51664,
37,0,719,743,51859,
37,1,569,612,42138,
37,2,803,823,57249,
37,3,851,875,28715,
37,4,549,578,63007,
37,5,831,854,86124,
37,6,557,608,63282,
37,7,826,845,28707,
37,8,491,507,42273,
37,9,812,833,28920,
37,10,549,574,41935,
37,11,566,583,63639,
37,12,666,687,25950,
37,13,672,692,77878,
37,14,845,873,86615,
37,15,722,740,52004,
37,16,676,695,26063,
37,17,521,551,21093,
37,18,678,777,77779,
37,19,666,701,77651,
37,20,766,797,57394,
37,21,667,700,51985,
37,22,624,696,77806,
37,23,704,726,51868,
37,24,583,613,21198,
37,25,622,691,25949,
37,26,547,613,63326,
37,27,717,739,51731,
37,28,590,615,42196,
37,29,494,515,42423,
37,30,529,547,63241,
37,31,536,556,21159,
37,32,797,819,57475,
37,33,826,842,28564,
37,34,684,790,77620,
37,35,812,830,28854,
37,36,552,571,20823,
37,37,601,682,77403,
37,38,762,810,86492,
37,39,860,878,86681,
37,40,748,768,25759,
37,41,667,687,52037,
37,42,872,924,57441,
37,43,829,846,86604,
37,44,769,785,25926,
37,45,644,662,42162,
37,46,707,730,51610,
37,47,550,568,41973,
37,48,599,616,62990,
37,49,793,823,86035,
37,50,805,822,86310,
37,51,697,720,51775,
37,52,697,719,51785,
37,53,671,689,51546,
37,54,537,554,63535,
37,55,660,677,25821,
37,56,815,905,57468,
37,57,809,825,87142,
37,58,486,503,42296,
37,59,531,575,63278,
37,60,683,713,25763,
37,61,815,831,28757,
37,62,670,687,51420,
37,63,544,563,63156,
37,64,799,818,86753,
37,65,547,566,63155,
37,66,684,701,77716,
37,67,691,713,25779,
37,68,787,809,57766,
37,69,804,826,57601,
37,70,707,724,25691,
37,71,827,844,57414,
37,72,797,831,57475,
37,73,682,704,51742,
37,74,672,690,77229,
37,75,668,685,51488,
37,76,855,876,57687,
37,77,822,839,86783,
37,78,741,759,25747,
37,79,825,944,86297,
37,80,855,871,86590,
37,81,781,798,86377,
37,82,852,872,86627,
37,83,556,576,21040,
37,84,570,592,21230,
37,85,843,866,57604,
37,86,570,589,21127,
37,87,733,749,25946,
37,88,563,630,62942,
37,89,637,654,51803,
37,90,678,695,25895,
37,91,814,914,28968,
37,92,865,885,58009,
37,93,725,743,77582,
37,94,621,638,25990,
37,95,546,563,20953,
37,96,802,819,86541,
37,97,529,628,20905,
37,98,673,690,86882,
37,99,519,535,63356,
38,0,612,681,62917,
38,1,870,932,28972,
38,2,617,681,41929,
38,3,869,932,86174,
38,4,835,852,28555,
38,5,720,739,51890,
38,6,720,741,25903,
38,7,593,610,63078,
38,8,691,708,51861,
38,9,837,853,28752,
38,10,558,576,41946,
38,11,564,586,21092,
38,12,841,903,28965,
38,13,699,715,51893,
38,14,813,864,28670,
38,15,574,635,21132,
38,16,666,683,77815,
38,17,688,707,25857,
38,18,562,585,63418,
38,19,835,879,29012,
38,20,781,798,28790,
38,21,585,702,41907,
38,22,516,580,62829,
38,23,787,804,28884,
38,24,863,882,86581,
38,25,734,755,26135,
38,26,927,944,28903,
38,27,916,1038,29092,
38,28,717,781,51863,
38,29,672,689,51728,
38,30,677,693,77712,
38,31,539,556,63244,
38,32,577,594,21103,
38,33,745,784,26066,
38,34,801,817,57608,
38,35,715,734,25877,
38,36,848,865,86505,
38,37,563,580,21153,
38,38,812,828,57591,
38,39,704,726,77393,
38,40,684,703,51731,
38,41,565,586,63469,
38,42,541,557,21187,
38,43,811,828,57766,
38,44,578,614,41784,
38,45,803,820,57406,
38,46,828,851,57728,
38,47,799,816,57254,
38,48,707,723,52029,
38,49,848,866,86982,
38,50,567,596,63143,
38,51,706,725,77554,
38,52,832,850,57334,
38,53,584,602,21215,
38,54,587,621,21114,
38,55,800,816,57352,
38,56,837,955,57832,
38,57,581,603,42485,
38,58,826,904,86435,
38,59,460,512,20951,
38,60,632,649,25686,
38,61,816,833,86912,
38,62,556,614,42266,
38,63,699,719,25821,
38,64,651,667,77587,
38,65,829,921,57538,
38,66,582,699,21335,
38,67,761,816,86809,
38,68,775,792,57868,
38,69,539,557,63267,
38,70,537,554,63372,
38,71,548,614,41908,
38,72,812,857,28990,
38,73,663,683,51776,
38,74,503,571,63488,
38,75,492,511,63239,
38,76,850,866,57842,
38,77,840,857,86279,
38,78,597,614,21306,
38,79,700,719,77495,
38,80,840,861,57435,
38,81,720,746,51828,
38,82,825,842,28913,
38,83,578,595,63457,
38,84,702,719,77526,
38,85,727,744,52163,
38,86,609,625,41929,
38,87,594,611,21063,
38,88,866,896,86352,
38,89,750,767,77830,
38,90,577,593,63145,
38,91,844,861,57873,
38,92,548,567,63276,
38,93,705,786,77935,
38,94,587,662,63290,
38,95,542,596,63304,
38,96,616,633,26149,
38,97,761,814,57607,
38,98,764,817,57855,
38,99,603,620,28920,
39,0,903,921,57756,
39,1,776,819,51586,
39,2,610,628,21389,
39,3,788,819,51520,
39,4,548,601,63475,
39,5,828,845,86639,
39,6,904,921,57650,
39,7,902,925,28854,
39,8,711,728,26038,
39,9,863,880,28946,
39,10,865,882,57546,
39,11,879,897,86262,
39,12,859,877,57426,
39,13,551,571,42447,
39,14,710,727,26226,
39,15,743,760,77439,
39,16,865,881,28908,
39,17,555,572,21052,
39,18,699,745,26108,
39,19,710,796,77683,
39,20,673,691,25553,
39,21,676,694,77919,
39,22,694,732,51885,
39,23,584,601,42228,
39,24,764,782,77711,
39,25,725,742,77771,
39,26,716,733,51393,
39,27,710,729,77743,
39,28,557,579,21033,
39,29,563,592,21246,
39,30,825,887,57574,
39,31,557,615,20857,
39,32,810,830,86676,
39,33,654,696,51783,
39,34,805,822,86774,
39,35,706,722,77871,
39,36,876,921,57753,
39,37,761,808,51566,
39,38,670,712,52055,
39,39,690,711,25751,
39,40,651,668,52170,
39,41,561,582,63375,
39,42,819,837,28693,
39,43,867,884,57324,
39,44,754,771,77591,
39,45,701,718,25934,
39,46,829,846,86339,
39,47,891,908,86293,
39,48,747,764,51559,
39,49,864,881,86543,
39,50,546,571,21026,
39,51,559,579,42231,
39,52,783,800,77623,
39,53,789,806,77642,
39,54,582,612,41909,
39,55,700,750,77267,
39,56,663,685,26048,
39,57,526,600,63739,
39,58,764,784,28654,
39,59,492,510,63591,
39,60,787,803,86160,
39,61,831,848,57612,
39,62,586,603,42075,
39,63,804,821,28640,
39,64,709,733,26119,
39,65,552,570,63280,
39,66,719,736,77776,
39,67,545,561,62774,
39,68,539,555,63388,
39,69,555,574,42148,
39,70,684,706,25929,
39,71,671,689,25801,
39,72,810,830,57561,
39,73,538,653,42044,
39,74,838,922,86342,
39,75,814,831,57870,
39,76,564,585,63304,
39,77,502,523,63358,
39,78,739,756,52089,
39,79,749,765,51675,
39,80,739,756,51864,
39,81,861,897,57650,
39,82,871,890,86575,
39,83,750,769,51933,
39,84,699,716,51831,
39,85,696,713,25772,
39,86,732,817,51772,
39,87,808,825,85946,
39,88,612,708,42573,
39,89,671,688,51807,
39,90,771,788,57610,
39,91,594,717,42069,
39,92,577,701,21273,
39,93,747,771,86447,
39,94,846,921,28727,
39,95,568,591,20930,
39,96,597,614,42271,
39,97,585,602,41984,
39,98,557,638,29127,
39,99,571,587,57571,
40,0,772,788,57587,
40,1,854,871,86324,
40,2,575,696,62870,
40,3,754,773,25767,
40,4,843,860,28726,
40,5,858,875,86098,
40,6,860,879,57601,
40,7,749,768,51712,
40,8,685,702,77456,
40,9,832,898,57741,
40,10,553,583,63049,
40,11,853,871,57270,
40,12,807,857,86720,
40,13,827,843,86624,
40,14,781,820,28750,
40,15,692,819,25954,
40,16,614,631,51777,
40,17,818,869,57667,
40,18,569,614,42212,
40,19,638,655,25756,
40,20,505,529,63113,
40,21,833,850,28860,
40,22,714,731,77805,
40,23,836,855,28741,
40,24,562,586,20921,
40,25,516,600,42455,
40,26,547,563,42214,
40,27,833,850,28783,
40,28,741,758,86691,
40,29,807,824,57336,
40,30,670,687,77748,
40,31,546,566,63349,
40,32,535,551,63142,
40,33,544,649,21030,
40,34,536,594,63499,
40,35,601,619,51431,
40,36,742,806,86217,
40,37,838,854,57722,
40,38,775,795,86252,
40,39,737,757,77724,
40,40,793,819,28717,
40,41,531,549,63543,
40,42,855,872,86090,
40,43,848,865,57667,
40,44,768,819,86172,
40,45,674,691,51897,
40,46,528,548,42203,
40,47,499,546,42252,
40,48,507,561,21227,
40,49,782,802,57683,
40,50,785,819,86224,
40,51,637,655,51757,
40,52,750,871,28939,
40,53,645,668,77501,
40,54,714,777,57761,
40,55,657,696,26126,
40,56,807,823,28690,
40,57,592,609,41993,
40,58,551,571,63368,
40,59,556,576,21021,
40,60,511,542,20936,
40,61,850,868,57858,
40,62,845,863,57563,
40,63,821,837,28910,
40,64,539,560,63007,
40,65,540,560,41907,
40,66,554,571,63336,
40,67,784,801,28820,
40,68,552,569,20893,
40,69,784,819,86366,
40,70,526,546,63062,
40,71,579,676,20946,
40,72,739,755,28897,
40,73,663,687,77651,
40,74,792,819,28538,
40,75,656,674,26215,
40,76,539,556,42243,
40,77,662,678,26006,
40,78,674,697,77817,
40,79,683,715,77557,
40,80,802,819,28970,
40,81,635,652,26083,
40,82,799,816,28478,
40,83,684,701,51869,
40,84,671,690,25804,
40,85,670,687,77306,
40,86,804,820,57792,
40,87,525,628,20974,
40,88,695,715,26133,
40,89,572,590,51579,
40,90,646,662,77623,
40,91,544,560,42344,
40,92,669,686,51844,
40,93,787,807,86319,
40,94,534,552,20893,
40,95,810,827,57740,
40,96,696,714,25714,
40,97,550,566,42055,
40,98,473,490,21294,
40,99,531,622,28670,
41,0,732,749,26076,
41,1,595,625,42157,
41,2,842,859,57720,
41,3,605,626,41913,
41,4,792,831,57758,
41,5,554,586,42005,
41,6,596,707,20991,
41,7,546,597,63297,
41,8,785,802,28600,
41,9,826,843,57314,
41,10,580,600,21175,
41,11,843,860,28856,
41,12,663,680,77646,
41,13,662,679,77557,
41,14,856,872,86253,
41,15,856,880,28914,
41,16,714,732,25577,
41,17,608,625,42141,
41,18,565,606,20990,
41,19,693,810,25793,
41,20,697,724,77369,
41,21,827,844,57978,
41,22,790,809,28994,
41,23,574,602,42060,
41,24,700,717,52280,
41,25,564,598,21244,
41,26,888,906,57239,
41,27,868,884,57611,
41,28,608,645,21009,
41,29,705,721,51874,
41,30,875,894,28801,
41,31,885,907,29117,
41,32,881,906,86131,
41,33,768,790,51637,
41,34,586,603,63303,
41,35,698,716,51823,
41,36,827,843,28815,
41,37,572,588,42049,
41,38,552,568,42254,
41,39,684,701,51881,
41,40,543,563,63152,
41,41,540,562,20838,
41,42,823,839,28789,
41,43,725,744,25917,
41,44,597,624,41987,
41,45,581,599,41710,
41,46,864,885,57931,
41,47,876,894,28978,
41,48,877,895,28730,
41,49,773,794,25636,
41,50,832,855,57678,
41,51,578,650,63162,
41,52,558,602,63250,
41,53,700,755,51824,
41,54,817,834,29038,
41,55,779,796,57635,
41,56,594,615,41868,
41,57,833,922,28744,
41,58,573,593,63392,
41,59,872,888,28763,
41,60,742,760,51745,
41,61,720,739,51613,
41,62,686,707,25786,
41,63,561,581,63030,
41,64,556,573,63494,
41,65,546,563,42123,
41,66,701,718,52251,
41,67,603,620,21123,
41,68,849,894,86416,
41,69,714,745,77684,
41,70,825,842,86931,
41,71,821,838,29001,
41,72,663,716,26044,
41,73,828,845,57737,
41,74,676,693,77619,
41,75,829,849,86660,
41,76,592,613,21187,
41,77,542,575,20926,
41,78,854,871,28600,
41,79,723,741,51971,
41,80,727,746,77152,
41,81,722,738,51901,
41,82,556,573,63593,
41,83,559,576,42297,
41,84,705,721,51704,
41,85,805,824,57759,
41,86,548,571,42099,
41,87,672,691,26019,
41,88,813,830,86471,
41,89,684,702,25908,
41,90,677,694,25992,
41,91,544,563,42625,
41,92,534,552,42380,
41,93,686,717,51682,
41,94,542,559,62849,
41,95,545,564,21018,
41,96,530,547,63694,
41,97,572,589,21187,
41,98,605,622,57916,
41,99,621,637,26027,
42,0,617,673,63323,
42,1,594,672,21069,
42,2,818,834,58039,
42,3,717,735,77582,
42,4,726,817,77816,
42,5,833,852,57832,
42,6,708,755,51566,
42,7,712,733,51669,
42,8,562,579,62939,
42,9,561,578,21517,
42,10,843,859,86709,
42,11,695,712,25835,
42,12,531,548,63389,
42,13,547,585,41842,
42,14,549,583,21119,
42,15,667,684,77671,
42,16,553,570,21056,
42,17,564,582,42346,
42,18,568,586,21018,
42,19,648,776,62829,
42,20,751,768,28862,
42,21,612,628,20756,
42,22,825,847,86487,
42,23,852,870,28877,
42,24,864,882,28821,
42,25,881,898,57500,
42,26,699,716,51639,
42,27,558,576,63181,
42,28,862,878,57738,
42,29,859,876,57510,
42,30,559,575,20961,
42,31,670,697,77539,
42,32,695,712,52049,
42,33,706,725,77112,
42,34,701,718,78242,
42,35,542,565,21223,
42,36,551,567,41843,
42,37,832,849,57578,
42,38,849,866,58134,
42,39,607,623,42441,
42,40,673,690,77664,
42,41,589,617,21246,
42,42,584,601,63060,
42,43,830,846,86291,
42,44,587,606,21234,
42,45,557,573,42144,
42,46,828,850,86468,
42,47,552,569,21110,
42,48,846,896,57595,
42,49,689,707,52012,
42,50,567,588,42188,
42,51,831,848,57611,
42,52,689,707,77832,
42,53,579,602,41667,
42,54,543,561,42045,
42,55,539,556,21047,
42,56,539,572,21008,
42,57,811,829,87158,
42,58,548,565,42008,
42,59,813,829,57623,
42,60,667,685,25896,
42,61,822,843,57791,
42,62,820,908,57662,
42,63,649,667,51624,
42,64,682,698,51908,
42,65,818,841,57899,
42,66,563,582,21090,
42,67,695,711,51494,
42,68,534,551,21026,
42,69,527,556,20948,
42,70,538,556,62932,
42,71,802,819,86540,
42,72,819,835,28724,
42,73,699,758,25786,
42,74,690,718,78132,
42,75,649,665,25824,
42,76,504,525,41946,
42,77,856,921,86605,
42,78,837,921,28755,
42,79,787,804,86572,
42,80,563,588,42498,
42,81,610,631,42347,
42,82,612,631,41958,
42,83,574,591,21045,
42,84,557,612,42067,
42,85,853,876,57957,
42,86,759,802,25940,
42,87,827,854,86604,
42,88,857,934,28820,
42,89,493,511,21226,
42,90,726,778,25875,
42,91,822,839,86344,
42,92,558,575,62982,
42,93,548,565,42223,
42,94,590,613,20985,
42,95,848,866,28666,
42,96,600,618,63513,
42,97,775,795,28991,
42,98,582,604,51742,
42,99,634,650,28863,
